Timestamp,Time_s,X,Y,Z,Acceleration_Magnitude,Step,Minute,,,,
07:17.7,0.0115,-0.37305,4.12995,17.11305,17.60829729,0,1,,,Minute,Sum of Step
07:17.9,0.1425,-0.079050004,-3.0330002,9.3030005,9.785252037,0,1,,,1,71
07:18.0,0.2949,2.052,-3.9139502,4.8199501,6.539237657,0,1,,,2,63
07:18.1,0.4092,0.091050006,6.3330002,8.9629507,10.97495635,0,1,,,3,53
07:18.2,0.5203,-2.8570502,8.0100002,14.00895,16.38821281,1,1,,,Grand Total,187
07:18.3,0.6307,0.42600003,-2.1780002,8.8630505,9.136674727,0,1,,,,
07:18.5,0.7413,3.9340501,-3.8230503,5.9839501,8.117889047,0,1,,,,
07:18.6,0.8508,-1.0849501,2.8960502,7.5169501,8.128269329,0,1,,,Avg step per Min,
07:18.7,0.9841,-1.8970501,8.1559505,21.717001,23.27544758,1,1,,,62.35016788,
07:18.8,1.1142,4.6290002,-4.7640004,7.9020004,10.32303022,0,1,,,,
07:19.0,1.2391,6.1020002,-4.1100001,4.2139502,8.478436386,0,1,,,Total Step,
07:19.1,1.3505,3.7140002,-1.1410501,7.8090005,8.722171841,0,1,,,187,
07:19.2,1.4627,1.4440501,-1.8400501,13.341001,13.54449603,0,1,,,,
07:19.3,1.5735,-0.90300006,-1.43805,14.923951,15.02024335,1,1,,,,
07:19.4,1.6844,2.4349501,-0.48405004,9.3679504,9.691325045,0,1,,,,
07:19.5,1.7949,1.7569501,1.7590501,8.0760002,8.450024269,0,1,,,,
07:19.6,1.9058,4.8829503,-3.4230001,11.758051,13.18377399,1,1,,,,
07:19.7,2.023,6.5590501,0.37095001,7.4160004,9.907361105,0,1,,,,
07:19.9,2.1376,2.2579501,0.078000002,13.99005,14.17130628,1,1,,,,
07:20.0,2.2523,0.067050003,0.69105005,8.3070002,8.335964143,0,1,,,,
07:20.1,2.3637,2.085,0.046950001,7.4520001,7.738328941,0,1,,,,
07:20.2,2.4905,4.7509503,-1.3990501,15.247951,16.03212025,1,1,,,,
07:20.3,2.6037,3.7549503,0.94395006,4.7290502,6.111841725,0,1,,,,
07:20.4,2.7142,7.9459505,1.4500501,7.3369503,10.91199406,0,1,,,,
07:20.5,2.8245,6.9259505,-2.2260001,12.859951,14.77505352,1,1,,,,
07:20.7,2.953,0.98805004,-0.22995001,10.659,10.70716587,0,1,,,,
07:20.8,3.0671,1.07895,0.80595005,8.6760006,8.779901765,0,1,,,,
07:20.9,3.1838,-0.54300004,0.99000007,5.5330501,5.647087089,0,1,,,,
07:21.0,3.2942,0.66000003,3.6580501,10.651951,11.28188773,0,1,,,,
07:21.1,3.4056,3.8580003,1.5700501,15.319051,15.87521802,1,1,,,,
07:21.2,3.5163,3.7930503,1.8880501,4.4719501,6.1603816,0,1,,,,
07:21.3,3.6267,5.29005,2.8770001,7.7920504,9.84773111,0,1,,,,
07:21.5,3.746,2.5690501,0.57705003,15.621,15.84135872,1,1,,,,
07:21.6,3.8752,-1.2379501,1.16505,8.8960505,9.057018077,0,1,,,,
07:21.7,4.0265,-0.17505001,0.64095002,6.7290001,6.761723285,0,1,,,,
07:21.9,4.1357,-1.4320501,4.3530002,9.9670506,10.97002625,0,1,,,,
07:22.0,4.2462,4.3270502,1.6320001,14.332951,15.06055351,1,1,,,,
07:22.1,4.4285,3.2970002,1.35405,7.4089503,8.221691205,0,1,,,,
07:22.3,4.5388,5.1529503,3.2650502,7.5499501,9.706451263,0,1,,,,
07:22.4,4.6641,1.70895,0.92100006,12.273001,12.42559072,1,1,,,,
07:22.6,4.8377,-0.33495003,2.6500502,7.9960504,8.430408032,0,1,,,,
07:22.7,4.9484,-0.50700003,0.85095006,10.266001,10.3136774,0,1,,,,
07:22.8,5.0594,0.73695004,1.8210001,9.7060509,9.902856194,0,1,,,,
07:23.0,5.2396,-0.049950004,2.5350001,9.9469509,10.26501596,0,1,,,,
07:23.1,5.3511,-0.70395005,3.7270501,8.8579502,9.635856468,0,1,,,,
07:23.2,5.4633,-1.1040001,5.2960501,11.122951,12.36879145,1,1,,,,
07:23.3,5.596,0.28005001,3.7710001,8.4390001,9.247464109,0,1,,,,
07:23.4,5.7273,0.63195002,3.2820001,9.21,9.797703072,0,1,,,,
07:23.6,5.8438,1.9750501,2.9610002,10.599001,11.18066041,0,1,,,,
07:23.7,5.9547,0.47400004,3.8880002,8.9029503,9.726445684,0,1,,,,
07:23.8,6.0682,-2.05005,4.4820004,9.95895,11.11178283,0,1,,,,
07:23.9,6.1782,-1.1179501,6.8550005,8.592,11.04822648,0,1,,,,
07:24.0,6.2883,-3.7620001,2.1679502,10.798051,11.63832283,0,1,,,,
07:24.2,6.4762,-4.0800004,2.4409502,6.0649505,7.706378249,0,1,,,,
07:24.3,6.5868,-0.52695,1.9579501,8.7640505,8.99554479,0,1,,,,
07:24.4,6.6969,3.4290001,0.84105003,9.4060507,10.04685008,0,1,,,,
07:24.6,6.8776,8.4730501,0.67905003,6.6229501,10.77576702,0,1,,,,
07:24.7,6.9883,5.9509501,1.0000501,6.1969504,8.64963014,0,1,,,,
07:24.8,7.0986,4.1070004,2.52795,9.7750502,10.89998119,0,1,,,,
07:25.0,7.2899,6.3319502,3.1840501,15.399001,16.95172558,1,1,,,,
07:25.1,7.3988,7.0050001,2.0050502,8.4630003,11.16748077,0,1,,,,
07:25.2,7.525,5.9989505,-0.30000001,2.5009501,6.506316816,0,1,,,,
07:25.3,7.6334,5.6130004,-2.9850001,0.99705005,6.4350686,0,1,,,,
07:25.5,7.744,7.4170504,-8.3929501,-1.8160501,11.34690645,0,1,,,,
07:25.6,7.8843,12.412951,-9.8700008,0.070050001,15.85885164,0,1,,,,
07:25.7,7.9988,14.638051,-7.7130003,2.5039501,16.73417691,1,1,,,,
07:25.8,8.1079,13.102051,-5.2770004,4.3410001,14.77683171,0,1,,,,
07:25.9,8.2181,11.17695,-3.2890501,5.1739502,12.74801249,0,1,,,,
07:26.1,8.3518,16.879051,-4.2900004,6.0649505,18.44153168,0,1,,,,
07:26.2,8.462,14.89395,-12.759001,3.2130001,19.8732288,1,1,,,,
07:26.3,8.5819,7.9890003,-11.65005,0.92505002,14.15639461,0,1,,,,
07:26.4,8.6953,4.0669503,-7.8490505,-0.85305005,8.881180827,0,1,,,,
07:26.5,8.8246,2.9020503,-7.5859504,-1.5160501,8.262381456,0,1,,,,
07:26.7,8.9424,7.8450003,-8.493,-0.65205002,11.58016614,0,1,,,,
07:26.8,9.0559,13.16205,-9.5179501,2.01495,16.3673748,1,1,,,,
07:26.9,9.1668,12.118051,-6.9169502,2.319,14.14457921,0,1,,,,
07:27.0,9.2763,9.9649506,-5.5549502,3.0619502,11.81241936,0,1,,,,
07:27.1,9.3878,15.79695,-2.01195,3.9169502,16.39920946,1,1,,,,
07:27.2,9.5153,11.80395,-10.821,2.559,16.2165273,0,1,,,,
07:27.3,9.6281,8.1349506,-10.222051,-1.8829501,13.19898667,0,1,,,,
07:27.5,9.7515,8.3080502,-10.186951,-1.81305,13.26969552,1,1,,,,
07:27.6,9.8789,3.4170001,-5.6050501,-1.8420001,6.818023223,0,1,,,,
07:27.7,10.0078,12.99495,-3.8539503,5.3970003,14.5893547,1,1,,,,
07:27.8,10.1291,9.2680502,-2.8390501,6.1080003,11.45707762,0,1,,,,
07:28.0,10.2419,8.8900509,-0.67800003,5.8260002,10.65058531,0,1,,,,
07:28.1,10.352,8.8939505,0.83400005,4.4629502,9.985781695,0,1,,,,
07:28.2,10.4754,12.097051,1.4140501,6.0510001,13.59973466,1,1,,,,
07:28.3,10.5863,11.139001,0.61995006,4.0050001,11.8533416,0,1,,,,
07:28.4,10.7164,7.3690505,-0.15105,1.38495,7.49958718,0,1,,,,
07:28.6,10.8503,5.7520504,-2.49405,-0.039000001,6.269600482,0,1,,,,
07:28.7,10.9606,7.8790503,-6.5370002,-1.164,10.30372269,0,1,,,,
07:28.8,11.0718,11.31105,-7.3099504,3.3079503,13.86786797,1,1,,,,
07:28.9,11.2045,11.554951,-4.7620502,0.38205001,12.50359856,0,1,,,,
07:29.0,11.3129,11.685,-4.2490501,1.4500501,12.51783915,0,1,,,,
07:29.1,11.4242,13.464001,-4.2660003,2.41995,14.32948846,0,1,,,,
07:29.3,11.5583,14.26605,-3.5620501,2.7070501,14.95113721,1,1,,,,
07:29.4,11.6925,10.03905,-8.6029501,1.31805,13.28647926,0,1,,,,
07:29.5,11.8022,6.3409505,-6.6900005,-0.20205002,9.219793064,0,1,,,,
07:29.6,11.9122,6.2140503,-5.3200502,-1.74405,8.364153613,0,1,,,,
07:29.7,12.0229,5.2440004,-7.7359505,-1.26705,9.431324723,0,1,,,,
07:29.9,12.1425,10.33605,-7.5619502,3.7080002,13.33290238,0,1,,,,
07:30.0,12.2532,13.63695,-4.7569504,1.7970001,14.55418125,1,1,,,,
07:30.1,12.3761,11.059951,-3.0469501,2.9640002,11.84870112,0,1,,,,
07:30.2,12.509,10.461,-1.8379501,4.5679502,11.56186622,0,1,,,,
07:30.3,12.6295,17.574001,-0.90600002,4.5439501,18.17453795,1,1,,,,
07:30.5,12.7396,12.774,-5.6239505,1.07895,13.99885811,0,1,,,,
07:30.6,12.8499,7.9200006,-7.0440001,2.8129501,10.96617687,0,1,,,,
07:30.7,12.9607,7.8450003,-4.6090503,0.51000005,9.113038704,0,1,,,,
07:30.8,13.0701,7.8670502,-4.8619504,-0.73305005,9.27719801,0,1,,,,
07:30.9,13.2006,10.942051,-1.6840501,1.2199501,11.1378985,0,1,,,,
07:31.0,13.313,10.08705,0.29895002,1.0669501,10.14772543,0,1,,,,
07:31.2,13.4382,10.97595,2.1970501,3.7750502,11.81310762,0,1,,,,
07:31.3,13.549,9.6540003,2.9950502,6.2299504,11.873598,0,1,,,,
07:31.4,13.6726,12.184951,0.76200002,10.57695,16.15318997,1,1,,,,
07:31.5,13.8092,12.604051,-1.2220501,6.3310504,14.15760245,0,1,,,,
07:31.6,13.9238,6.4969501,-0.97095007,4.0410004,7.712508598,0,1,,,,
07:31.8,14.0369,9.6390009,1.3609501,4.3770003,10.67336194,0,1,,,,
07:31.9,14.158,5.9610004,3.2170501,8.4720001,10.84701447,0,1,,,,
07:32.0,14.2687,3.6160502,3.4660501,6.7620001,8.415103546,0,1,,,,
07:32.1,14.3788,2.77005,3.2940001,8.415,9.451763786,0,1,,,,
07:32.2,14.49,1.6020001,2.8219502,8.9850006,9.553012249,0,1,,,,
07:32.3,14.6009,3.3640501,3.7900503,7.0420504,8.675931546,0,1,,,,
07:32.4,14.7192,3.3910501,3.6010501,9.4489508,10.6653389,0,1,,,,
07:32.6,14.8443,3.0600002,3.7900503,10.45995,11.53857168,0,1,,,,
07:32.7,14.9571,1.899,4.5439501,9.3559504,10.57296039,0,1,,,,
07:32.8,15.0673,3.7690501,4.5829501,8.4720001,10.34330489,0,1,,,,
07:32.9,15.1769,1.5919501,4.5589504,8.2039499,9.519618051,0,1,,,,
07:33.0,15.2867,2.0539501,3.8260503,9.243,10.21226816,0,1,,,,
07:33.1,15.3979,2.2990501,3.5310001,7.5600004,8.654894518,0,1,,,,
07:33.2,15.5091,4.8010502,4.2900004,7.3300505,9.756219903,0,1,,,,
07:33.4,15.6408,3.6610501,4.9510503,8.1389999,10.20585647,0,1,,,,
07:33.5,15.7534,1.7500501,6.4459505,8.0670004,10.47327306,0,1,,,,
07:33.6,15.8637,1.39995,6.2059503,6.3480005,8.987257061,0,1,,,,
07:33.7,15.9744,-0.31095001,3.5890501,7.3969502,8.227566031,0,1,,,,
07:33.8,16.1001,2.0760002,2.5159502,9.1120501,9.678287001,0,1,,,,
07:33.9,16.2327,2.5429502,4.2780004,8.3640003,9.732645281,0,1,,,,
07:34.1,16.362,2.07795,3.5809503,9.7630501,10.60463241,0,1,,,,
07:34.2,16.4786,1.3260001,2.1559501,12.879001,13.12535957,1,1,,,,
07:34.3,16.591,2.7970502,0.91800004,11.097,11.4808372,0,1,,,,
07:34.4,16.6998,0.55695003,3.0430501,5.9530501,6.708886103,0,1,,,,
07:34.5,16.8077,0.21000001,2.8920002,10.611,11.00004937,0,1,,,,
07:34.6,16.9163,-0.36105001,3.6750002,9.9090004,10.57469964,0,1,,,,
07:34.7,17.0242,-0.48300001,2.4649501,12.012001,12.2718147,1,1,,,,
07:34.8,17.133,0.63195002,4.0650001,7.2409501,8.327961635,0,1,,,,
07:35.0,17.241,1.0159501,2.6880002,9.1140003,9.556280717,0,1,,,,
07:35.1,17.3652,1.6140001,2.1400502,10.029,10.38102366,0,1,,,,
07:35.2,17.4741,3.1390502,2.4370501,9.2170506,10.03727409,0,1,,,,
07:35.3,17.602,0.77505004,-0.10095,11.923051,11.94864171,0,1,,,,
07:35.4,17.7334,-0.59805006,0.94200003,7.1170502,7.203987193,0,1,,,,
07:35.6,17.8633,-1.8199501,3.0810001,9.3010502,9.965656767,0,1,,,,
07:35.7,17.9739,-2.11695,3.4830003,12.46695,13.11631086,0,1,,,,
07:35.8,18.0831,-1.554,1.1580001,14.056951,14.18991725,1,1,,,,
07:35.9,18.1958,2.0950501,3.0660002,9.7800007,10.46126215,0,1,,,,
07:36.0,18.3249,0.55305004,3.1380002,6.3190503,7.076956005,0,1,,,,
07:36.2,18.45,0.64095002,2.5159502,9.6910505,10.03281028,0,1,,,,
07:36.3,18.5641,1.6879501,3.3010502,8.1660004,8.968259056,0,1,,,,
07:36.4,18.6748,-1.09395,2.3100002,12.40005,12.66072934,1,1,,,,
07:36.5,18.7845,1.4629501,2.29005,8.2300501,8.667080053,0,1,,,,
07:36.6,18.8929,1.5850501,3.2839501,8.9850006,9.696749345,0,1,,,,
07:36.7,19.0022,-0.68205005,3.6630001,8.6370001,9.406409131,0,1,,,,
07:36.9,19.1389,2.18595,3.4639502,13.405951,14.01773343,1,1,,,,
07:37.0,19.2503,2.4019501,4.2780004,6.7720504,8.362494743,0,1,,,,
07:37.1,19.3584,1.8889501,2.9200501,8.9440508,9.596398792,0,1,,,,
07:37.2,19.4662,2.2720501,2.9560502,9.993,10.66585643,0,1,,,,
07:37.3,19.5858,3.1249502,2.1400502,9.6790504,10.393707,0,1,,,,
07:37.4,19.6956,1.008,0.80595005,10.335,10.41526977,0,1,,,,
07:37.5,19.8064,2.1670501,1.55295,10.42605,10.76151841,0,1,,,,
07:37.6,19.9332,2.6890502,2.9779501,9.0900002,9.936160295,0,1,,,,
07:37.8,20.07,1.40295,3.4740002,10.218,10.88321966,0,1,,,,
07:37.9,20.1801,0.28005001,4.3549504,7.4520001,8.635758593,0,1,,,,
07:38.0,20.2892,-0.16995001,3.3400502,11.91405,12.37454669,1,1,,,,
07:38.1,20.3978,0.45000002,3.9600003,7.4689503,8.465773501,0,1,,,,
07:38.2,20.5277,0.66495001,4.1269503,8.3520002,9.33968868,0,1,,,,
07:38.4,20.6359,1.4100001,4.7260504,9.0640507,10.31894703,0,1,,,,
07:38.5,20.7491,0.65805006,4.4509501,10.30395,11.24345909,0,1,,,,
07:38.6,20.8646,1.40295,4.8559504,8.118,9.562972707,0,1,,,,
07:38.7,20.9839,1.35,3.9000001,8.0340004,9.032035386,0,1,,,,
07:38.8,21.1022,-0.31095001,3.2749503,7.2289505,7.9422739,0,1,,,,
07:38.9,21.2119,-0.00405,5.1960001,9.1360502,10.51027339,0,1,,,,
07:39.0,21.3228,-2.5890002,5.2150502,8.9250002,10.65623288,0,1,,,,
07:39.1,21.4325,-1.62405,2.6089501,11.740951,12.13647764,1,1,,,,
07:39.3,21.5431,0.91395003,4.2090001,10.015051,10.90193712,0,1,,,,
07:39.4,21.6618,-0.85500002,4.671,5.8660502,7.547172383,0,1,,,,
07:39.5,21.7899,0.33000001,4.7380505,9.6739502,10.77698172,0,1,,,,
07:39.6,21.9124,1.4629501,5.0089502,7.9960504,9.548121653,0,1,,,,
07:39.8,22.0366,1.1179501,3.7129502,9.0679502,9.86222756,0,1,,,,
07:39.9,22.1471,0.18195,3.7729502,7.1310005,8.069660906,0,1,,,,
07:40.0,22.2574,1.0819501,5.3590503,8.9869509,10.51928337,0,1,,,,
07:40.1,22.3665,-1.4410501,5.9089503,8.0340004,10.07658084,0,1,,,,
07:40.2,22.4762,0.40905002,5.6820002,10.72305,12.14233295,1,1,,,,
07:40.3,22.5862,-0.75405002,5.6530504,6.4480505,8.608305612,0,1,,,,
07:40.4,22.6949,-0.26100001,4.1130004,6.6810002,7.849882609,0,1,,,,
07:40.5,22.814,0.65295005,4.9780502,9.4230003,10.67709053,0,1,,,,
07:40.6,22.9291,1.011,5.7030001,10.125001,11.6645607,0,1,,,,
07:40.8,23.0449,-0.13095,3.5620501,11.53995,12.07790523,1,1,,,,
07:40.9,23.1563,1.8079501,5.2720504,7.6309505,9.44958224,0,1,,,,
07:41.0,23.2695,-1.2379501,4.1370001,7.0759501,8.289533165,0,1,,,,
07:41.1,23.3838,-1.2040501,5.7490501,8.21805,10.10136919,0,1,,,,
07:41.2,23.4948,-1.1230501,6.5130005,9.9349508,11.93246263,0,1,,,,
07:41.3,23.6135,-1.1230501,3.0520501,11.752951,12.19459341,1,1,,,,
07:41.4,23.7279,1.14405,4.6399503,8.6370001,9.87095537,0,1,,,,
07:41.6,23.8659,-0.24405001,4.3309503,6.5659504,7.869459674,0,1,,,,
07:41.7,23.9768,0.28905001,4.3410001,9.4369507,10.39152878,0,1,,,,
07:41.8,24.0902,1.8199501,6.4270501,8.6179504,10.90358934,0,1,,,,
07:41.9,24.2086,1.1200501,3.5070002,6.3529501,7.342583851,0,1,,,,
07:42.0,24.333,2.07795,4.4479504,9.9670506,11.11054619,0,1,,,,
07:42.2,24.4744,0.56205004,3.7750502,9.5239506,10.2602407,0,1,,,,
07:42.3,24.5849,-0.51495004,3.3540001,8.6539507,9.295447968,0,1,,,,
07:42.4,24.7162,0.055050004,4.91295,9.9979506,11.13997865,0,1,,,,
07:42.5,24.826,0.50100005,4.15905,9.5310001,10.41098751,0,1,,,,
07:42.7,24.9353,-0.049950004,2.9230502,9.2460003,9.697176858,0,1,,,,
07:42.8,25.0452,0.20505001,3.9720001,8.7760506,9.635242313,0,1,,,,
07:42.9,25.1548,0.82995003,5.2530003,9.5740509,10.95195324,0,1,,,,
07:43.0,25.2982,0.82995003,4.02705,7.7110505,8.738778437,0,1,,,,
07:43.1,25.4084,0.47100002,2.8530002,7.2220502,7.779425445,0,1,,,,
07:43.2,25.518,2.04195,5.1760502,8.1340504,9.855142383,0,1,,,,
07:43.3,25.6302,0.088950001,6.0649505,8.5489502,10.48217946,0,1,,,,
07:43.5,25.7408,-2.7229502,5.3850002,10.767,12.34264858,1,1,,,,
07:43.6,25.8528,-1.18005,3.7110002,7.5400505,8.486247818,0,1,,,,
07:43.7,25.9621,0.59100002,3.4350002,10.407001,10.97516183,0,1,,,,
07:43.8,26.0862,0.96195006,4.2469501,7.8019505,8.934895896,0,1,,,,
07:43.9,26.2104,1.9489501,4.7740502,9.2530508,10.59287076,0,1,,,,
07:44.0,26.3234,1.7500501,6.2539501,6.7810502,9.38920705,0,1,,,,
07:44.2,26.4545,2.31795,4.16295,10.101001,11.16840481,0,1,,,,
07:44.3,26.5648,0.41400003,3.1170001,6.5700002,7.283679584,0,1,,,,
07:44.4,26.6756,0.26505002,4.4700003,8.8410006,9.910320167,0,1,,,,
07:44.5,26.8076,-1.30305,5.9089503,9.6979504,11.43083002,0,1,,,,
07:44.7,26.9439,-0.34005001,4.8840003,13.171051,14.05153648,1,1,,,,
07:44.8,27.0541,0.76800001,4.4200501,8.9149504,9.980130637,0,1,,,,
07:44.9,27.1627,-0.064050004,3.4759502,5.7559505,6.72438089,0,1,,,,
07:45.0,27.2727,1.008,3.5890501,8.8480501,9.601319451,0,1,,,,
07:45.1,27.382,0.23895001,3.8640001,11.578051,12.20814723,1,1,,,,
07:45.2,27.5304,-0.86400002,1.6650001,10.58895,10.75381716,0,1,,,,
07:45.4,27.6547,0.93300003,3.1930501,7.0330505,7.780093658,0,1,,,,
07:45.5,27.7649,1.029,4.08705,8.6230507,9.597907172,0,1,,,,
07:45.6,27.8753,-0.55095005,5.4180002,7.9260006,9.616639623,0,1,,,,
07:45.7,27.9913,0.21705002,6.4890003,12.13695,13.76443936,1,1,,,,
07:45.8,28.1,-1.41495,3.4620001,6.6610503,7.639183156,0,1,,,,
07:45.9,28.2102,1.8460501,3.0570002,13.16205,13.63791448,1,1,,,,
07:46.0,28.3225,1.506,4.1659503,6.6589503,7.99779951,0,1,,,,
07:46.2,28.4346,1.4100001,4.3480501,6.8700004,8.251699549,0,1,,,,
07:46.3,28.562,1.4080501,5.2510505,7.0180502,8.877452622,0,1,,,,
07:46.4,28.6756,0.61500001,3.4690502,12.01395,12.51988534,1,1,,,,
07:46.5,28.7865,0.36600003,2.6950502,6.5850005,7.124568983,0,1,,,,
07:46.6,28.8974,2.5020001,4.2690001,9.4110003,10.63255816,0,1,,,,
07:46.7,29.0078,-0.045000002,4.8169503,8.9749508,10.18600889,0,1,,,,
07:46.8,29.118,2.0400002,5.14995,11.83005,13.0626823,1,1,,,,
07:47.0,29.2522,1.7689501,3.3469501,6.8239503,7.803688687,0,1,,,,
07:47.1,29.3888,1.23,2.6350501,9.3529501,9.794593642,0,1,,,,
07:47.2,29.5079,3.6780002,2.6710501,9.9829502,10.96911522,0,1,,,,
07:47.3,29.6175,1.0510501,1.24395,8.5060501,8.660543067,0,1,,,,
07:47.4,29.7272,1.9579501,2.4079502,11.623951,12.03112753,1,1,,,,
07:47.6,29.8527,0.88305002,2.9130001,10.288051,10.7289021,0,1,,,,
07:47.7,29.9622,0.22005001,3.9409502,7.9360504,8.86343085,0,1,,,,
07:47.8,30.0724,-0.75900006,4.1110501,8.4700508,9.445558457,0,1,,,,
07:47.9,30.2125,-0.50700003,3.8350501,8.4630003,9.305215332,0,1,,,,
07:48.1,30.3448,-0.10005,3.7920003,8.8309507,9.611189653,0,1,,,,
07:48.2,30.4546,-0.45705003,4.6930504,8.5009508,9.721099798,0,1,,,,
07:48.3,30.5649,-0.48795003,5.3110504,8.49405,10.02966784,0,1,,,,
07:48.4,30.6754,-0.57405001,4.87995,9.9450006,11.09263189,0,1,,,,
07:48.5,30.7858,1.1230501,5.2050004,9.4849501,10.87738705,0,1,,,,
07:48.6,30.9291,2.1049502,2.9869502,7.4970002,8.340125829,0,1,,,,
07:48.8,31.0389,0.85005003,3.6100502,6.5230503,7.503681278,0,1,,,,
07:48.9,31.1505,0.10305001,5.2960501,8.5459499,10.05445303,0,1,,,,
07:49.0,31.2596,0.56700003,6.1080003,11.36295,12.91300853,1,1,,,,
07:49.1,31.3701,-0.62205005,4.3720503,10.73505,11.60788821,0,1,,,,
07:49.2,31.4824,2.6050501,5.1049504,7.2390003,9.233088863,0,1,,,,
07:49.3,31.5927,-1.07295,2.7840002,6.3289504,6.996963054,0,1,,,,
07:49.4,31.7011,1.52505,4.4479504,9.7579508,10.83178859,0,1,,,,
07:49.5,31.8102,1.506,4.7809501,9.3610506,10.61860576,0,1,,,,
07:49.7,31.9351,1.0530001,4.9609504,9.6619501,10.91206295,0,1,,,,
07:49.8,32.0467,2.4760501,4.2259502,8.5150499,9.823215054,0,1,,,,
07:49.9,32.1574,0.85200006,4.5030003,5.9260502,7.491394181,0,1,,,,
07:50.0,32.2661,0.22695,5.1019502,8.2639503,9.714642387,0,1,,,,
07:50.1,32.3758,-0.95505005,6.1510501,9.9619503,11.74682901,0,1,,,,
07:50.2,32.493,-1.5090001,3.8400002,12.955951,13.59703457,1,1,,,,
07:50.3,32.6017,2.0260501,5.4760504,9.6700506,11.29610046,0,1,,,,
07:50.4,32.7145,-0.65805006,3.9070501,5.9260502,7.128544125,0,1,,,,
07:50.5,32.8246,0.91395003,4.0440001,7.7730002,8.809584189,0,1,,,,
07:50.6,32.9343,0.97605002,4.7550001,10.35,11.43176275,0,1,,,,
07:50.8,33.0532,-0.30405003,2.7100501,10.86495,11.20196217,0,1,,,,
07:50.9,33.1761,3.0310502,4.8049502,8.2639503,10.02834415,0,1,,,,
07:51.0,33.2881,1.1659501,5.1000004,7.5360003,9.173916516,0,1,,,,
07:51.1,33.3999,-0.36405003,6.2040005,7.0950003,9.431923658,0,1,,,,
07:51.2,33.5091,0.063000001,6.6420002,9.5020504,11.59349376,0,1,,,,
07:51.3,33.6178,-2.0550001,3.7630501,6.5680504,7.843650778,0,1,,,,
07:51.4,33.7288,1.9630501,3.9120002,12.94095,13.66109433,1,1,,,,
07:51.6,33.8409,0.88500005,5.7660003,6.5800505,8.793579995,0,1,,,,
07:51.7,33.9511,1.3240501,5.8780503,9.4879503,11.2394744,0,1,,,,
07:51.8,34.088,0.65295005,6.7120504,7.9789505,10.44708646,0,1,,,,
07:51.9,34.1979,-0.21495001,4.9249501,7.4110503,8.900842856,0,1,,,,
07:52.0,34.3316,-1.7260501,4.1659503,7.7059503,8.928385121,0,1,,,,
07:52.2,34.4425,-0.67500001,4.42695,9.1620007,10.19783154,0,1,,,,
07:52.3,34.5542,-1.4629501,3.7510502,7.8930006,8.860590221,0,1,,,,
07:52.4,34.6652,0.11805001,4.0080004,10.000051,10.77399754,0,1,,,,
07:52.5,34.776,-0.83295006,3.8160002,9.30795,10.09423581,0,1,,,,
07:52.6,34.8959,-0.33705002,3.9859502,10.30395,11.05317996,0,1,,,,
07:52.7,35.024,0.20100001,4.5589504,9.1279507,10.20509254,0,1,,,,
07:52.8,35.1342,0.68895006,5.5260005,8.5390501,10.19444507,0,1,,,,
07:53.0,35.2587,0.28905001,4.2660003,9.61695,10.52463946,0,1,,,,
07:53.1,35.3877,1.6470001,3.7230003,8.52705,9.449017,0,1,,,,
07:53.2,35.4969,1.55805,4.7479501,7.5430503,9.048102441,0,1,,,,
07:53.3,35.6161,-0.11505,6.0199504,8.7360001,10.60993577,0,1,,,,
07:53.5,35.7476,-2.62695,5.6080503,11.626051,13.17255314,1,1,,,,
07:53.6,35.8691,-1.4059501,5.8900504,5.7900004,8.378155765,0,1,,,,
07:53.7,35.9907,0.15405001,3.5650501,7.6150503,8.409655444,0,1,,,,
07:53.8,36.101,1.2690001,4.5630002,8.3520002,9.601418615,0,1,,,,
07:53.9,36.2138,0.21195,3.8710501,8.8890009,9.69764346,0,1,,,,
07:54.1,36.3428,-0.37305,3.3510001,11.461051,11.94671746,0,1,,,,
07:54.2,36.483,1.503,4.4479504,6.3619504,7.906812547,0,1,,,,
07:54.3,36.593,-0.45705003,4.8000002,8.8890009,10.11252855,0,1,,,,
07:54.4,36.7043,-2.21295,5.7610502,7.6150503,9.801828308,0,1,,,,
07:54.5,36.8218,-0.95100003,6.4080005,11.81805,13.47713535,1,1,,,,
07:54.7,36.936,-1.9159501,3.2029502,6.6499505,7.625719404,0,1,,,,
07:54.8,37.0586,1.125,2.2330501,8.1460505,8.521166381,0,1,,,,
07:54.9,37.1718,1.33095,4.4580002,8.1059999,9.346252087,0,1,,,,
07:55.0,37.2834,1.5490501,4.5829501,9.8419504,10.96663009,0,1,,,,
07:55.1,37.3936,-1.7460001,2.5969501,12.211051,12.60565082,1,1,,,,
07:55.2,37.5033,2.7180002,4.1730003,8.65905,9.989024151,0,1,,,,
07:55.3,37.6125,-0.43305001,3.1810501,7.3939505,8.060838421,0,1,,,,
07:55.5,37.7394,-0.63195002,4.8990002,8.9419508,10.21557869,0,1,,,,
07:55.6,37.8492,-1.8610501,5.3970003,11.55,12.88385112,1,1,,,,
07:55.7,37.9779,-1.28295,2.8650002,9.5910006,10.09165395,0,1,,,,
07:55.8,38.1032,1.7070001,3.5359502,11.65305,12.29676248,1,1,,,,
07:55.9,38.2132,0.96900004,4.26405,6.0079503,7.430783962,0,1,,,,
07:56.1,38.3386,1.6330501,4.5630002,7.3110003,8.771462184,0,1,,,,
07:56.2,38.4485,0.84195006,5.4499502,6.4600501,8.493708518,0,1,,,,
07:56.3,38.5601,1.2709501,4.4820004,12.228001,13.08539836,1,1,,,,
07:56.4,38.6694,1.4440501,2.5710001,7.6840506,8.230428654,0,1,,,,
07:56.5,38.7827,1.1179501,3.7200003,7.7580004,8.676104245,0,1,,,,
07:56.6,38.9043,0.37995002,5.5669503,8.9749508,10.56811428,0,1,,,,
07:56.7,39.0244,1.5079501,3.6559501,16.741951,17.20269769,1,1,,,,
07:56.9,39.1349,1.4269501,3.9769502,7.3630505,8.489218583,0,1,,,,
07:57.0,39.2442,0.094050005,2.5680001,8.8459501,9.211639544,0,1,,,,
07:57.1,39.3563,4.15905,3.9769502,8.8650007,10.56891987,0,1,,,,
07:57.2,39.4678,3.381,1.4140501,9.2700005,9.968129612,0,1,,,,
07:57.3,39.578,1.4989501,1.9480501,8.9869509,9.317029413,0,1,,,,
07:57.4,39.6892,1.17795,2.9419501,10.944,11.39358471,0,1,,,,
07:57.5,39.7996,0.67695004,2.52795,10.668,10.98430774,0,1,,,,
07:57.6,39.9333,-0.76800001,3.2509501,9.2149506,9.80172511,0,1,,,,
07:57.8,40.046,-1.4800501,4.7670002,11.277,12.33229777,1,1,,,,
07:57.9,40.1551,-1.6210501,3.3559501,10.134001,10.79760069,0,1,,,,
07:58.0,40.2669,0.80895007,4.4050503,7.6870503,8.896606694,0,1,,,,
07:58.1,40.3775,-0.31605002,4.3500004,7.7130003,8.860742899,0,1,,,,
07:58.2,40.4879,0.28200001,4.7209501,8.6110506,9.824310983,0,1,,,,
07:58.3,40.6121,0.79905003,5.0230503,11.37195,12.45755843,1,1,,,,
07:58.4,40.7233,0.19005001,3.0349503,11.719951,12.10802601,0,1,,,,
07:58.6,40.8629,2.0710502,3.4710002,5.2720504,6.643162405,0,1,,,,
07:58.7,40.9735,0.096000001,4.4290504,8.1870003,9.308741986,0,1,,,,
07:58.8,41.1095,-1.9039501,5.4829502,9.30795,10.96930727,0,1,,,,
07:58.9,41.2178,-0.13905001,5.0950503,12.594001,13.58630684,1,1,,,,
07:59.1,41.3484,1.0000501,4.8340502,9.0060005,10.27016001,0,1,,,,
07:59.2,41.4794,-0.072000004,3.4740002,7.2120004,8.005423859,0,1,,,,
07:59.3,41.5913,1.7479501,3.9529502,8.1919508,9.262246096,0,1,,,,
07:59.4,41.701,0.91905004,3.9379501,9.5710506,10.39024127,0,1,,,,
07:59.5,41.8243,1.1350501,1.89495,12.261001,12.45838351,1,1,,,,
07:59.6,41.9333,2.7510002,3.8190002,8.625,9.825649578,0,1,,,,
07:59.8,42.0433,0.55005002,4.13205,8.18505,9.185392519,0,1,,,,
07:59.9,42.1534,-0.98205006,5.4850502,7.7730002,9.563980872,0,1,,,,
08:00.0,42.2903,-1.0390501,5.9290504,11.953951,13.38395339,1,1,,,,
08:00.1,42.3998,-1.4820001,4.8390002,7.8690004,9.355929378,0,1,,,,
08:00.2,42.5107,0.28200001,2.9560502,8.1150007,8.641237941,0,1,,,,
08:00.3,42.622,1.22595,3.9550502,7.7389503,8.777056866,0,1,,,,
08:00.5,42.7448,0.93300003,3.8830502,11.434951,12.11225298,1,1,,,,
08:00.6,42.8641,0.18195,2.7910502,10.35,10.72126704,0,1,,,,
08:00.7,42.9834,3.0940502,3.7710001,9.2239504,10.43431116,0,1,,,,
08:00.8,43.1009,-0.067050003,4.02105,8.0620508,9.0094396,0,1,,,,
08:00.9,43.2183,-0.58605003,5.5570502,7.9879503,9.748415849,0,1,,,,
08:01.0,43.3291,0.73695004,6.7140002,9.6030006,11.74046484,0,1,,,,
08:01.2,43.44,-1.4250001,2.9869502,7.4520001,8.153821329,0,1,,,,
08:01.3,43.5517,2.2290001,2.9560502,10.70205,11.32433435,0,1,,,,
08:01.4,43.662,0.55695003,4.2469501,7.7130003,8.822536603,0,1,,,,
08:01.5,43.7815,0.18195,3.9840002,8.7880507,9.650657931,0,1,,,,
08:01.6,43.8906,1.2499501,5.7820501,7.7680502,9.764071001,0,1,,,,
08:01.8,44.0388,1.1509501,2.5830002,7.7610002,8.260127134,0,1,,,,
08:01.9,44.1484,1.5850501,3.1240501,9.5089502,10.13371633,0,1,,,,
08:02.0,44.2588,1.0510501,2.2399502,10.07205,10.37151264,0,1,,,,
08:02.1,44.4002,-0.46395001,2.66205,10.819051,11.15139562,0,1,,,,
08:02.2,44.514,0.15105,3.7780502,10.786051,11.42958335,0,1,,,,
08:02.4,44.6529,0.99300003,3.6510003,10.168051,10.84919874,0,1,,,,
08:02.5,44.7705,1.2229501,3.9019501,9.1519508,10.02392263,0,1,,,,
08:02.6,44.8819,0.70305002,3.9259503,8.6659508,9.539710077,0,1,,,,
08:02.7,44.994,0.40905002,3.4540501,9.3319502,9.959070165,0,1,,,,
08:02.8,45.1043,1.1659501,2.6830502,10.371,10.77570596,0,1,,,,
08:02.9,45.2154,0.23595001,2.22105,9.6889505,9.943062773,0,1,,,,
08:03.0,45.327,-0.82800007,2.0400002,9.7920008,10.03645678,0,1,,,,
08:03.2,45.4567,-2.3080502,1.0020001,12.382951,12.63600314,1,1,,,,
08:03.3,45.5682,-0.89100003,3.1570501,9.6070509,10.15166358,0,1,,,,
08:03.4,45.6792,-0.23205002,2.07495,10.507951,10.7133701,0,1,,,,
08:03.5,45.7896,0.40395001,2.5780501,10.00695,10.34159399,0,1,,,,
08:03.6,45.8983,0.50700003,1.1170501,10.90305,10.97184348,0,1,,,,
08:03.7,46.009,-0.036000002,2.42205,8.1559505,8.508063867,0,1,,,,
08:03.8,46.1196,-0.14295001,3.2130001,8.7619505,9.333572784,0,1,,,,
08:03.9,46.232,-1.9780501,3.3300002,9.0400505,9.834840953,0,1,,,,
08:04.1,46.3424,-3.5350502,2.1990001,8.0359507,9.050341707,0,1,,,,
08:04.2,46.4528,-1.5919501,1.7320501,9.2340002,9.528959144,0,1,,,,
08:04.3,46.5812,0.90705001,2.0509501,7.2550502,7.593740148,0,1,,,,
08:04.4,46.6972,1.0530001,2.7379501,10.177051,10.59139023,0,1,,,,
08:04.5,46.8097,2.0710502,4.3429503,7.5090003,8.91827067,0,1,,,,
08:04.6,46.9205,-0.36600003,1.8790501,10.951051,11.11711758,0,1,,,,
08:04.7,47.0304,1.39995,4.3330503,6.9919505,8.344013225,0,1,,,,
08:04.9,47.1425,-2.32305,3.4980001,8.9580002,9.893347946,0,1,,,,
08:05.0,47.2781,-2.7559502,4.3770003,11.35305,12.47578204,1,1,,,,
08:05.1,47.4083,-2.7850502,2.4990001,10.824,11.45253169,0,1,,,,
08:05.2,47.5216,1.3909501,2.664,10.68795,11.10242827,0,1,,,,
08:05.3,47.632,0.40395001,4.12995,8.1019506,9.102816385,0,1,,,,
08:05.5,47.742,1.3740001,3.5809503,10.306951,10.99746881,0,1,,,,
08:05.6,47.8504,0.94800007,3.7009501,9.6550503,10.38343547,0,1,,,,
08:05.7,47.9608,2.0400002,3.7510502,7.0159502,8.213131901,0,1,,,,
08:05.8,48.1182,-0.34695002,3.1930501,8.5300503,9.114696999,0,1,,,,
08:06.0,48.2387,0.070050001,4.9249501,8.3980503,9.735876403,0,1,,,,
08:06.1,48.3484,-0.24195001,5.4400501,7.8370504,9.543167392,0,1,,,,
08:06.2,48.4595,-1.4080501,2.7480001,8.5540504,9.094277755,0,1,,,,
08:06.3,48.5709,0.71295005,1.4910001,9.9240007,10.06067438,0,1,,,,
08:06.4,48.6811,2.9160001,1.8829501,10.519951,11.07781236,0,1,,,,
08:06.5,48.7926,2.6770501,2.3980501,8.0880003,8.850592657,0,1,,,,
08:06.6,48.9185,1.5970501,0.66900003,11.611951,11.74033799,0,1,,,,
08:06.8,49.0503,1.33095,1.1839501,13.153951,13.27401946,1,1,,,,
08:06.9,49.1786,0.96495003,2.2429502,9.7219505,10.02388526,0,1,,,,
08:07.0,49.2908,1.9420501,2.5369501,8.0899506,8.697986842,0,1,,,,
08:07.1,49.4002,0.63900006,3.2460001,9.8130007,10.3556661,0,1,,,,
08:07.2,49.511,-0.90495002,4.4560504,8.6539507,9.775795744,0,1,,,,
08:07.3,49.6215,-1.0129501,3.6460502,9.2670002,10.00984729,0,1,,,,
08:07.4,49.7328,-0.73695004,3.9889503,8.3260508,9.26163818,0,1,,,,
08:07.6,49.8546,0.16995001,4.8289504,7.2670503,8.726835912,0,1,,,,
08:07.7,49.9763,1.3429501,4.7290502,10.51305,11.60567323,0,1,,,,
08:07.8,50.0858,1.7050501,3.8590503,10.666051,11.47013989,0,1,,,,
08:07.9,50.1994,2.3320501,3.45,6.4770002,7.700161639,0,1,,,,
08:08.0,50.3093,0.31500003,2.0680501,8.8290005,9.073439594,0,1,,,,
08:08.1,50.418,0.49695003,4.0960503,8.4580507,9.410802784,0,1,,,,
08:08.2,50.5291,-1.37205,4.67805,10.893001,11.9341587,0,1,,,,
08:08.4,50.6387,-0.37995002,3.3510001,12.502951,12.94980106,1,1,,,,
08:08.5,50.7463,-1.0650001,3.9210002,6.6019502,7.752045809,0,1,,,,
08:08.6,50.8547,0.13005,2.9179502,7.0660505,7.645941148,0,1,,,,
08:08.7,50.9735,1.06305,4.5130501,8.7450008,9.898117776,0,1,,,,
08:08.8,51.1049,2.4780002,5.1720004,10.59195,12.04489427,0,1,,,,
08:08.9,51.2166,1.455,2.4319501,14.236951,14.51627294,1,1,,,,
08:09.0,51.3288,2.1910501,2.8219502,8.7280502,9.430957733,0,1,,,,
08:09.2,51.4388,0.44505003,3.6820502,5.8710003,6.944365178,0,1,,,,
08:09.3,51.5675,-0.87900007,4.7670002,8.2470007,9.56608345,0,1,,,,
08:09.4,51.6841,-2.7109501,4.4770503,8.4870005,9.971078543,0,1,,,,
08:09.5,51.8134,-0.69900006,4.2760501,5.9929504,7.395178161,0,1,,,,
08:09.6,51.9245,0.78000003,3.3900001,7.5280504,8.292891145,0,1,,,,
08:09.8,52.0356,1.4460001,3.7540503,8.9580002,9.819856289,0,1,,,,
08:09.9,52.1467,2.7370501,5.1139503,10.09395,11.64181075,0,1,,,,
08:10.0,52.2571,1.0510501,3.0540001,15.291,15.62838136,1,1,,,,
08:10.1,52.3781,1.7170501,3.8190002,8.1250505,9.140539875,0,1,,,,
08:10.2,52.4885,0.058050003,4.1539502,6.3840003,7.616700854,0,1,,,,
08:10.3,52.6134,-0.78495002,5.2579503,8.4529505,9.985717803,0,1,,,,
08:10.4,52.7338,-2.45895,5.5879502,7.5859504,9.737467125,0,1,,,,
08:10.6,52.8753,-1.4940001,4.7719502,5.5090504,7.439971863,0,1,,,,
08:10.7,53.0078,1.6950001,4.3909502,6.9490504,8.39301915,0,1,,,,
08:10.9,53.1471,0.46200001,5.2480502,8.1389999,9.695297535,0,1,,,,
08:11.0,53.2576,0.588,7.3699503,4.2760501,8.540873251,0,1,,,,
08:11.1,53.3742,-0.11700001,5.1979504,4.98,7.199498411,0,1,,,,
08:11.2,53.4845,-0.95100003,4.4080501,9.7219505,10.71688519,0,1,,,,
08:11.3,53.6068,-2.8620002,3.9499502,7.6939502,9.109885916,0,1,,,,
08:11.4,53.7181,-3.3220501,3.3400502,7.9159503,9.211635108,0,1,,,,
08:11.6,53.8519,-1.2360001,4.4560504,10.696951,11.65370508,0,1,,,,
08:11.7,53.9756,0.01905,3.7540503,9.9570007,10.64119916,0,1,,,,
08:11.8,54.0878,0.50895,4.7020502,9.3439503,10.4727128,0,1,,,,
08:11.9,54.1989,-1.0510501,6.0580502,7.5979505,9.774125554,0,1,,,,
08:12.0,54.3112,0.18495001,5.6839504,7.6290002,9.515416055,0,1,,,,
08:12.1,54.4212,0.079050004,3.7320001,8.6830502,9.451424994,0,1,,,,
08:12.2,54.5305,0.53595001,4.3069501,9.1950006,10.16784626,0,1,,,,
08:12.4,54.6409,0.16305001,4.91505,7.6390505,9.085119391,0,1,,,,
08:12.5,54.7526,-1.07505,6.0460501,8.5750504,10.54712964,0,1,,,,
08:12.6,54.8751,-2.6920502,4.8390002,11.157001,12.45559025,1,1,,,,
08:12.7,54.9911,-1.9369501,4.7449503,5.3869505,7.435426331,0,1,,,,
08:12.8,55.1025,0.036000002,3.9979501,7.8109503,8.774727665,0,1,,,,
08:12.9,55.2122,2.5429502,5.6719503,10.314,12.04226772,1,1,,,,
08:13.0,55.3219,1.8769501,5.9479504,7.4640002,9.726888229,0,1,,,,
08:13.2,55.4428,-0.37305,3.3400502,8.316,8.969445782,0,1,,,,
08:13.3,55.5653,0.64095002,3.1429501,9.2479506,9.78843923,0,1,,,,
08:13.4,55.6879,-0.78000003,4.1779504,7.9399505,9.005913809,0,1,,,,
08:13.5,55.8043,-3.1870501,5.1259503,9.1620007,10.9715501,0,1,,,,
08:13.6,55.9259,-0.99405003,4.4389501,14.272951,14.98030519,1,1,,,,
08:13.8,56.0522,-1.1329501,4.1539502,8.0500507,9.129194623,0,1,,,,
08:13.9,56.162,0.22005001,3.4830003,5.7420001,6.719395676,0,1,,,,
08:14.0,56.273,0.65595001,4.4220004,8.9560509,10.00975553,0,1,,,,
08:14.1,56.3831,1.45305,4.8720002,8.9029503,10.2523297,0,1,,,,
08:14.2,56.5111,-0.89295006,2.1040502,10.917001,11.15371229,0,1,,,,
08:14.4,56.6409,0.99600005,3.7080002,7.3920002,8.329642762,0,1,,,,
08:14.5,56.7525,-0.088050008,4.6470003,7.9549503,9.213229557,0,1,,,,
08:14.6,56.8968,-0.89295006,6.1939502,9.9040508,11.71548553,0,1,,,,
08:14.7,57.0213,0.79005003,3.9450002,13.609051,14.19131688,1,1,,,,
08:14.9,57.1383,0.71805006,4.7689505,8.6520004,9.90533168,0,1,,,,
08:15.0,57.2513,-0.39195001,4.3380003,4.5589504,6.305228002,0,1,,,,
08:15.1,57.3622,0.53805,5.2339501,8.6689501,10.1407311,0,1,,,,
08:15.2,57.4744,-0.16305001,6.0000005,6.2640004,8.675499543,0,1,,,,
08:15.3,57.585,-2.35605,3.6319501,11.50395,12.29157837,1,1,,,,
08:15.4,57.6961,1.245,4.1779504,7.2670503,8.474391695,0,1,,,,
08:15.5,57.8063,0.76095003,4.9030504,5.9740505,7.765837209,0,1,,,,
08:15.6,57.917,-0.96000004,5.7030001,8.0950508,9.948651048,0,1,,,,
08:15.7,58.0294,0.23205002,5.0059505,13.21695,14.13510364,1,1,,,,
08:15.9,58.1713,0.91905004,4.70505,7.5640502,8.955277992,0,1,,,,
08:16.0,58.289,0.80400002,3.8419502,8.2590008,9.144292842,0,1,,,,
08:16.1,58.3991,1.4220001,3.6630001,9.3340502,10.12739587,0,1,,,,
08:16.2,58.5105,3.0460501,3.9889503,8.0359507,9.47452634,0,1,,,,
08:16.3,58.6201,1.4220001,4.5610504,10.198951,11.26249824,0,1,,,,
08:16.4,58.7293,-0.28500003,3.6100502,10.615951,11.21659944,0,1,,,,
08:16.6,58.8385,-0.60600001,4.7449503,8.4220505,9.685696877,0,1,,,,
08:16.7,58.9695,-0.74205005,6.0000005,9.8400002,11.5488635,0,1,,,,
08:16.8,59.0803,-1.8559501,5.3269501,6.1440001,8.340844404,0,1,,,,
08:16.9,59.1917,-0.47205001,5.7750001,8.8890009,10.61073958,0,1,,,,
08:17.0,59.3007,-1.1850001,6.1800003,8.6010008,10.65710297,0,1,,,,
08:17.1,59.4108,-0.41895002,6.5269504,8.1389999,10.44126046,0,1,,,,
08:17.2,59.5221,0.46605003,6.6300001,7.0690503,9.702864325,0,1,,,,
08:17.4,59.6477,-2.289,2.6760001,8.4070501,9.114767628,0,1,,,,
08:17.5,59.7582,1.848,4.9660501,7.5430503,9.218154122,0,1,,,,
08:17.6,59.911,-0.48795003,5.9569502,6.5989504,8.903341917,0,1,,,,
08:17.7,60.0217,-0.74700004,7.2529502,9.5910006,12.04784579,1,2,,,,
08:17.8,60.1321,-0.30405003,5.0400004,10.87005,11.98549279,0,2,,,,
08:18.0,60.2431,2.5090501,4.4410501,7.9740005,9.465883074,0,2,,,,
08:18.1,60.3548,-0.013950001,4.7479501,5.3149505,7.126845275,0,2,,,,
08:18.2,60.4663,0.20805001,5.0260501,10.180051,11.35508268,0,2,,,,
08:18.3,60.5773,-0.14595,5.184,9.4999504,10.82331811,0,2,,,,
08:18.4,60.6914,-0.51900005,3.1810501,11.293051,11.74399598,0,2,,,,
08:18.5,60.8034,1.02705,4.8049502,7.4640002,8.936088468,0,2,,,,
08:18.6,60.9323,0.40905002,5.7990003,8.3740501,10.1941376,0,2,,,,
08:18.8,61.0568,-3.1009502,6.4099503,7.9120502,10.64443016,0,2,,,,
08:18.9,61.1666,-0.53100002,6.2370005,13.320001,14.71749173,1,2,,,,
08:19.0,61.2765,0.62700003,7.0849504,7.6459503,10.44271072,0,2,,,,
08:19.1,61.4033,-1.1560501,4.9630504,4.19205,6.59860624,0,2,,,,
08:19.3,61.5358,-0.40005001,5.7370501,7.8330002,9.717493298,0,2,,,,
08:19.4,61.6496,-0.15495001,7.2000003,5.9239502,9.325084439,0,2,,,,
08:19.5,61.7602,-1.7959501,3.4540501,8.9320507,9.743583969,0,2,,,,
08:19.6,61.8928,1.2709501,4.7290502,5.6100001,7.446565052,0,2,,,,
08:19.7,62.0018,0.13005,6.3259501,7.2580504,9.628803315,0,2,,,,
08:19.8,62.1128,-2.5380001,7.8210006,8.6970005,11.96859693,0,2,,,,
08:20.0,62.2488,-0.36900002,6.9060001,11.04405,13.03073439,1,2,,,,
08:20.1,62.3737,1.09095,6.2260504,10.000051,11.8302534,0,2,,,,
08:20.2,62.4849,-1.0530001,5.3059502,5.3010001,7.573804777,0,2,,,,
08:20.3,62.5981,0.84195006,5.9070001,8.1439505,10.09581398,0,2,,,,
08:20.4,62.71,-0.31095001,7.1839504,6.4240503,9.642315879,0,2,,,,
08:20.6,62.8378,-0.24405001,3.7350001,10.25895,10.92043228,0,2,,,,
08:20.7,62.9669,0.73200005,5.3869505,9.61905,11.04903537,0,2,,,,
08:20.8,63.08,-0.80205005,4.8199501,7.7730002,9.181216442,0,2,,,,
08:20.9,63.189,0.73200005,4.3170004,8.4240007,9.494003598,0,2,,,,
08:21.0,63.2986,0.59100002,3.0619502,10.43805,10.89392986,0,2,,,,
08:21.1,63.4095,1.75995,3.4590001,11.542951,12.17792361,1,2,,,,
08:21.2,63.5296,1.6020001,4.4320502,9.8010006,10.87515913,0,2,,,,
08:21.4,63.6392,1.1590501,5.2360501,9.2580004,10.69907422,0,2,,,,
08:21.5,63.7603,0.10605001,5.2080002,7.9140005,9.47448767,0,2,,,,
08:21.6,63.9014,1.1389501,4.5559502,12.040951,12.92433327,1,2,,,,
08:21.7,64.0328,2.89995,4.6090503,6.9799504,8.85283922,0,2,,,,
08:21.9,64.151,1.2180001,4.8889503,6.1939502,7.984383405,0,2,,,,
08:22.0,64.2604,-0.45195001,7.2289505,8.0790005,10.85044853,0,2,,,,
08:22.1,64.3717,-0.50295001,8.3620501,9.8920507,12.96261963,1,2,,,,
08:22.2,64.4841,-1.1010001,5.4499502,11.55195,12.82036299,0,2,,,,
08:22.3,64.6021,1.7020501,4.87995,8.8309507,10.23213452,0,2,,,,
08:22.5,64.7353,1.09605,5.0830503,6.2809501,8.15408242,0,2,,,,
08:22.6,64.8486,1.743,5.9959502,8.80305,10.79273631,0,2,,,,
08:22.7,64.9592,2.66505,7.0729504,8.8120508,11.60953738,0,2,,,,
08:22.8,65.0792,1.5870001,5.3800502,6.8550005,8.85745682,0,2,,,,
08:22.9,65.1884,-0.028050002,5.3149505,6.1420503,8.122454525,0,2,,,,
08:23.0,65.2996,-0.36900002,7.4419503,6.8479505,10.11994127,0,2,,,,
08:23.1,65.4122,-1.4610001,6.9700503,10.065001,12.32965399,0,2,,,,
08:23.2,65.5244,-0.58200002,4.22295,12.238951,12.96009075,1,2,,,,
08:23.4,65.6348,3.1920002,4.98,9.1039505,10.85684945,0,2,,,,
08:23.5,65.7465,0.79005003,5.0760002,5.3509502,7.417723716,0,2,,,,
08:23.6,65.8549,1.10595,5.7030001,7.6819506,9.631183757,0,2,,,,
08:23.7,65.9664,1.9459502,7.0060501,5.6599503,9.214472181,0,2,,,,
08:23.8,66.0775,-0.12405001,3.3079503,10.996051,11.48351258,0,2,,,,
08:23.9,66.1879,2.3370001,4.362,7.1599503,8.703648762,0,2,,,,
08:24.0,66.2996,0.53295004,4.6570501,8.5390501,9.741022944,0,2,,,,
08:24.1,66.4091,-1.2240001,5.5930505,8.1270008,9.941254053,0,2,,,,
08:24.2,66.5193,-1.33605,6.0649505,9.3250504,11.20380378,0,2,,,,
08:24.4,66.6534,-1.674,4.8600001,6.0940504,7.972410379,0,2,,,,
08:24.5,66.7663,-1.1590501,3.5290501,6.1780505,7.208737734,0,2,,,,
08:24.6,66.8803,0.648,4.70895,9.1549501,10.3153878,0,2,,,,
08:24.7,67.0135,0.83805007,5.5410004,9.1860008,10.76046579,0,2,,,,
08:24.8,67.124,-0.52200001,3.5599501,13.734,14.19748163,1,2,,,,
08:24.9,67.2344,4.6600504,5.3680501,6.8050504,9.840769409,0,2,,,,
08:25.1,67.3595,0.52395004,3.4860001,7.3800001,8.178699274,0,2,,,,
08:25.2,67.4724,-0.32100001,4.1440501,9.7060509,10.55858022,0,2,,,,
08:25.3,67.5848,-0.71295005,4.3330503,10.89795,11.74942283,0,2,,,,
08:25.4,67.6941,0.65805006,4.4170504,8.5510502,9.646959295,0,2,,,,
08:25.5,67.8034,-0.17205001,2.9250002,8.65695,9.139365989,0,2,,,,
08:25.6,67.9134,2.6790001,4.36905,8.5369501,9.957166085,0,2,,,,
08:25.7,68.0223,2.9260502,3.5239501,7.9860005,9.206312946,0,2,,,,
08:25.8,68.1327,3.1579502,4.3720503,9.7150507,11.11169129,0,2,,,,
08:26.0,68.2599,2.8129501,4.23,9.3630009,10.65229431,0,2,,,,
08:26.1,68.3723,2.32005,3.9769502,8.4510002,9.623833398,0,2,,,,
08:26.2,68.4961,2.0659502,4.5490503,8.49405,9.854485997,0,2,,,,
08:26.3,68.6055,1.3120501,5.5170002,9.9310503,11.43610627,0,2,,,,
08:26.5,68.738,1.3600501,4.8049502,9.033,10.32145202,0,2,,,,
08:26.6,68.8496,-0.43305001,4.1659503,9.10005,10.01766361,0,2,,,,
08:26.7,68.9605,-0.62505001,4.9920001,7.1839504,8.770398843,0,2,,,,
08:26.8,69.0735,0.58395004,5.7850504,8.2639503,10.10448813,0,2,,,,
08:26.9,69.1838,1.1539501,6.4050002,7.8370504,10.1870009,0,2,,,,
08:27.0,69.3155,1.45095,4.08705,6.5110502,7.823235156,0,2,,,,
08:27.1,69.4328,1.7070001,3.8620503,8.3860502,9.389095793,0,2,,,,
08:27.3,69.5449,0.86205006,4.50105,7.2409501,8.569360522,0,2,,,,
08:27.4,69.6551,0.072000004,5.8300505,8.7450008,10.51045726,0,2,,,,
08:27.5,69.7756,-0.82395005,5.8639503,8.18505,10.10246754,0,2,,,,
08:27.6,69.8869,-0.40905002,4.257,6.8890505,8.108537951,0,2,,,,
08:27.7,69.9976,0.36600003,3.4140003,9.1279507,9.752376021,0,2,,,,
08:27.8,70.1116,0.84705001,4.2259502,7.5139503,8.662309041,0,2,,,,
08:28.0,70.2521,1.1509501,4.3480501,11.02005,11.90259332,0,2,,,,
08:28.1,70.385,1.1200501,2.66205,13.312051,13.6217372,1,2,,,,
08:28.2,70.4952,2.3149502,2.9590502,7.6990504,8.56681677,0,2,,,,
08:28.3,70.6051,-0.21000001,3.0619502,6.3259501,7.031165174,0,2,,,,
08:28.4,70.7172,0.48105001,3.9169502,9.9430504,10.69757726,0,2,,,,
08:28.5,70.829,-1.75995,4.7980504,10.28295,11.48293396,0,2,,,,
08:28.7,70.9475,-0.19800001,2.592,10.222951,10.54828873,0,2,,,,
08:28.8,71.0614,-0.85005003,2.0680501,10.61295,10.84592661,0,2,,,,
08:28.9,71.173,0.082050003,3.3040502,6.9970503,7.738358536,0,2,,,,
08:29.0,71.3136,1.3789501,4.1869502,8.7379503,9.786921416,0,2,,,,
08:29.1,71.4314,0.28905001,2.6689501,11.478001,11.78776279,0,2,,,,
08:29.3,71.5408,0.28005001,2.8579502,5.7349501,6.413732143,0,2,,,,
08:29.4,71.6609,-0.031050002,2.6020501,9.71805,10.06042368,0,2,,,,
08:29.5,71.7738,0.29895002,3.7609501,9.0250502,9.781904103,0,2,,,,
08:29.6,71.8878,-1.0200001,4.46805,9.8160009,10.83317796,0,2,,,,
08:29.7,72.0045,-0.77100003,3.7560003,10.491,11.1697386,0,2,,,,
08:29.8,72.1342,0.22200002,3.6720002,6.5110502,7.478411876,0,2,,,,
08:30.0,72.2538,1.45095,3.1740003,8.7979507,9.46485448,0,2,,,,
08:30.1,72.3644,1.2540001,4.2690001,8.7430506,9.810087252,0,2,,,,
08:30.2,72.4776,1.1370001,4.8580503,9.3510008,10.59880361,0,2,,,,
08:30.3,72.5974,2.7510002,3.6820502,13.765051,14.51213716,1,2,,,,
08:30.4,72.7094,0.82095003,3.3919501,8.0500507,8.773972915,0,2,,,,
08:30.5,72.8267,0.13005,3.0210001,9.5089502,9.978150556,0,2,,,,
08:30.7,72.9366,-1.21395,2.9800501,9.0829506,9.636096969,0,2,,,,
08:30.8,73.0466,-0.74700004,1.86405,10.57005,10.75911932,0,2,,,,
08:30.9,73.1566,0.27000001,2.7859502,10.893001,11.24686131,0,2,,,,
08:31.0,73.2679,-0.12705001,2.8129501,10.615951,10.98304355,0,2,,,,
08:31.1,73.3767,0.65100002,2.8150501,10.465051,10.85659249,0,2,,,,
08:31.2,73.4873,0.96495003,3.6439502,8.4870005,9.286478294,0,2,,,,
08:31.3,73.6229,1.57305,4.0080004,10.231951,11.10096279,0,2,,,,
08:31.5,73.7392,3.3880501,3.5020502,8.7379503,10.0047496,0,2,,,,
08:31.6,73.8516,2.9190001,3.1960502,8.6280003,9.65285904,0,2,,,,
08:31.7,73.9704,1.7329501,3.9070501,7.1310005,8.313803261,0,2,,,,
08:31.8,74.0781,0.59805006,4.88205,8.5420504,9.856911337,0,2,,,,
08:31.9,74.1882,2.1379502,5.3419504,11.563951,12.91635505,0,2,,,,
08:32.0,74.2995,2.4640501,1.8430501,13.554001,13.89889635,1,2,,,,
08:32.1,74.4106,1.8150001,2.6470501,8.2780504,8.878469351,0,2,,,,
08:32.2,74.5322,2.73,2.9590502,8.3089504,9.232959159,0,2,,,,
08:32.4,74.6416,4.8559504,4.1749501,8.5129499,10.65273573,0,2,,,,
08:32.5,74.7526,3.9420002,3.9649501,7.1400003,9.068616165,0,2,,,,
08:32.6,74.8752,1.4479501,2.013,8.0869503,8.458575155,0,2,,,,
08:32.7,74.9869,-0.048,2.5780501,8.4910507,8.873927446,0,2,,,,
08:32.8,75.099,-0.73500001,3.5910001,9.5140505,10.19571791,0,2,,,,
08:32.9,75.2266,-1.8700501,5.0160003,10.57995,11.85717877,0,2,,,,
08:33.1,75.3622,-1.1590501,1.74405,16.663052,16.7941183,1,2,,,,
08:33.2,75.4879,0.15795001,3.1740003,10.46205,10.93406221,0,2,,,,
08:33.3,75.5983,-0.92400002,3.7630501,5.1720004,6.462500308,0,2,,,,
08:33.4,75.7095,0.11505,4.0770001,8.4630003,9.39454844,0,2,,,,
08:33.5,75.8206,0.50700003,5.0569501,7.0470004,8.688498603,0,2,,,,
08:33.6,75.9323,-1.164,2.22105,10.632001,10.92370836,0,2,,,,
08:33.8,76.0433,0.77100003,3.7200003,8.0830507,8.931324196,0,2,,,,
08:33.9,76.1823,-0.27000001,4.2690001,8.5780506,9.585416734,0,2,,,,
08:34.0,76.3136,-2.6220002,5.0040002,10.26405,11.71604137,0,2,,,,
08:34.1,76.4245,-0.97395003,4.0800004,14.472001,15.06764065,1,2,,,,
08:34.3,76.5355,-1.7530501,4.16295,6.6810002,8.064682327,0,2,,,,
08:34.4,76.6473,0.23205002,3.2839501,7.2390003,7.952439928,0,2,,,,
08:34.5,76.7585,0.83505005,4.3069501,9.4210501,10.39246423,0,2,,,,
08:34.6,76.87,0.81795001,4.9780502,8.1300001,9.568015867,0,2,,,,
08:34.7,76.9974,-1.8180001,3.5329502,12.59895,13.21061704,1,2,,,,
08:34.8,77.1081,0.41595003,3.4470003,8.0269508,8.745671194,0,2,,,,
08:34.9,77.219,-0.70395005,2.6040001,9.8610001,10.22329131,0,2,,,,
08:35.0,77.3311,-0.44805002,4.1659503,8.9419508,9.8749367,0,2,,,,
08:35.2,77.4671,-2.38995,5.1790504,8.5129499,10.24718205,0,2,,,,
08:35.3,77.579,-0.43095002,3.07605,9.0400505,9.558782065,0,2,,,,
08:35.4,77.7114,0.31500003,2.8530002,9.7849503,10.19725882,0,2,,,,
08:35.6,77.8386,-0.076050006,3.1480501,9.4830008,9.992162289,0,2,,,,
08:35.7,77.9547,1.28505,3.2680502,9.64995,10.26903309,0,2,,,,
08:35.8,78.0735,1.7400001,3.9649501,10.704,11.54660321,0,2,,,,
08:35.9,78.1855,-1.1209501,3.8260503,7.6200004,8.599976519,0,2,,,,
08:36.0,78.3258,-1.7149501,4.29495,7.2960005,8.638244766,0,2,,,,
08:36.2,78.4399,-3.7450502,5.3250003,11.083051,12.85360061,1,2,,,,
08:36.3,78.5528,-3.1369503,3.2029502,9.1020002,10.14621874,0,2,,,,
08:36.4,78.6635,-0.81195003,4.2900004,9.7729502,10.70392087,0,2,,,,
08:36.5,78.7836,-0.55095005,4.9060502,8.6209507,9.934468556,0,2,,,,
08:36.6,78.9041,-0.96495003,4.5229502,9.5569506,10.61713294,0,2,,,,
08:36.7,79.0153,0.70095003,3.7180502,7.8349504,8.700671009,0,2,,,,
08:36.9,79.1465,0.21195,2.8489501,8.6130009,9.074426923,0,2,,,,
08:37.0,79.2788,-1.1920501,3.9649501,9.6070509,10.46122554,0,2,,,,
08:37.1,79.3899,-0.40695003,4.5850501,9.3870001,10.45485837,0,2,,,,
08:37.2,79.5015,-2.7780001,3.4999502,10.73805,11.63067727,0,2,,,,
08:37.3,79.6128,0.49500003,2.7600002,9.7219505,10.11824825,0,2,,,,
08:37.4,79.7231,-1.434,4.0140004,7.5330005,8.655325051,0,2,,,,
08:37.6,79.8371,-1.40295,4.6110001,9.4159508,10.57779373,0,2,,,,
08:37.7,79.9617,-0.73695004,3.3469501,9.2310009,9.846651611,0,2,,,,
08:37.8,80.0784,-0.42795002,1.8589501,10.458,10.63055035,0,2,,,,
08:37.9,80.1993,-0.37305,4.4479504,7.5430503,8.764761086,0,2,,,,
08:38.0,80.3096,-2.4090002,3.5260501,8.79105,9.773375639,0,2,,,,
08:38.2,80.4413,-4.6920004,4.848,9.0570002,11.29368073,0,2,,,,
08:38.3,80.5613,-4.9360504,3.1740003,13.141951,14.39269772,1,2,,,,
08:38.4,80.6764,-0.77805007,3.4399502,10.08195,10.68102687,0,2,,,,
08:38.5,80.7891,0.58095002,4.39995,7.1329503,8.400954881,0,2,,,,
08:38.6,80.9025,0.42795002,4.2660003,8.6179504,9.625537329,0,2,,,,
08:38.7,81.0144,1.9800001,5.9640002,7.7110505,9.947361389,0,2,,,,
08:38.8,81.1255,0.20805001,2.6710501,8.4510002,8.865506067,0,2,,,,
08:39.0,81.2362,-0.98205006,2.8600502,6.5899501,7.250638026,0,2,,,,
08:39.1,81.3493,-1.8079501,5.1670504,9.2940006,10.786359,0,2,,,,
08:39.2,81.4986,-5.6880002,4.87995,11.689051,13.88528615,1,2,,,,
08:39.3,81.6331,-3.0199502,3.0040503,5.4570003,6.922663482,0,2,,,,
08:39.5,81.744,0.028950002,3.2719502,13.153951,13.55481181,1,2,,,,
08:39.6,81.8622,-1.41795,4.7260504,7.4779506,8.959122712,0,2,,,,
08:39.7,81.9741,-2.7060001,3.6990001,8.3260508,9.504112805,0,2,,,,
08:39.8,82.0854,-2.8590002,5.5069504,7.5450006,9.768695865,0,2,,,,
08:39.9,82.2022,-2.5860002,2.2470002,8.5680008,9.227515627,0,2,,,,
08:40.0,82.3266,-0.49500003,4.19205,8.6010008,9.580998017,0,2,,,,
08:40.2,82.436,-1.5229501,3.7080002,9.75105,10.5428468,0,2,,,,
08:40.3,82.5573,-0.84300005,3.3780003,9.0060005,9.655546599,0,2,,,,
08:40.4,82.6691,-3.20895,4.1989503,7.2510004,8.972488536,0,2,,,,
08:40.5,82.7808,-1.2210001,3.6720002,5.1739502,6.460974182,0,2,,,,
08:40.6,82.8919,-2.5360501,5.2050004,9.3270006,10.97800162,0,2,,,,
08:40.7,83.0023,-2.7760501,4.5940504,7.6150503,9.316691704,0,2,,,,
08:40.8,83.1135,-0.35205001,4.7929502,11.622001,12.57645491,1,2,,,,
08:41.0,83.2579,-2.1670501,3.6270001,8.1210003,9.154336772,0,2,,,,
08:41.1,83.3689,-1.3980001,4.6969504,11.092051,12.12639034,1,2,,,,
08:41.2,83.4813,-0.81405002,2.7100501,9.5620508,9.971953895,0,2,,,,
08:41.3,83.5914,0.58095002,2.49195,7.5910501,8.0107028,0,2,,,,
08:41.4,83.7019,0.91905004,4.1659503,6.8359504,8.057916154,0,2,,,,
08:41.5,83.8147,0.39000002,5.4019504,8.5780506,10.14475826,0,2,,,,
08:41.6,83.9285,-0.29700002,4.7809501,10.684951,11.70956322,0,2,,,,
08:41.8,84.0603,0.88500005,4.5469503,13.710001,14.47142389,1,2,,,,
08:41.9,84.1818,2.2290001,3.7609501,8.9800501,9.987716801,0,2,,,,
08:42.0,84.3133,1.55595,2.6190002,6.8389502,7.48674711,0,2,,,,
08:42.1,84.4246,3.4819503,3.6360002,8.5420504,9.915195428,0,2,,,,
08:42.3,84.5362,1.9030501,3.8520002,8.5699501,9.586633921,0,2,,,,
08:42.4,84.6496,2.5360501,3.1219501,12.58695,13.21398626,1,2,,,,
08:42.5,84.7706,3.2830501,3.28005,7.1620502,8.534173014,0,2,,,,
08:42.6,84.8861,0.75900006,3.0430501,8.2300501,8.807380976,0,2,,,,
08:42.7,85,0.091050006,4.39995,9.5040007,10.47348459,0,2,,,,
08:42.8,85.1128,-1.7479501,4.8889503,11.98995,13.06583582,0,2,,,,
08:42.9,85.2247,-0.040050004,3.6679502,13.81095,14.28977965,1,2,,,,
08:43.1,85.3356,0.80595005,4.197,9.40905,10.33414662,0,2,,,,
08:43.2,85.4467,0.14895001,2.80305,5.0089502,5.741851401,0,2,,,,
08:43.3,85.557,1.3240501,3.5329502,9.8329506,10.53194015,0,2,,,,
08:43.4,85.6676,1.42005,4.8769503,9.0570002,10.38414363,0,2,,,,
08:43.5,85.7812,1.434,2.9950502,13.156951,13.5695262,1,2,,,,
08:43.6,85.9189,3.4960501,3.3850501,5.39505,7.265500326,0,2,,,,
08:43.7,86.0284,1.6969501,3.1219501,8.0749502,8.822189796,0,2,,,,
08:43.9,86.139,0.94095004,4.8220501,9.4180508,10.62248723,0,2,,,,
08:44.0,86.2501,-0.17205001,5.7559505,11.569051,12.92298373,1,2,,,,
08:44.1,86.3704,0.71100003,3.9100502,11.859,12.50719371,0,2,,,,
08:44.2,86.5214,1.8240001,3.6820502,11.986051,12.67082825,1,2,,,,
08:44.4,86.6345,1.455,4.4770503,6.0649505,7.677540554,0,2,,,,
08:44.5,86.7593,1.434,4.4770503,7.3780503,8.74848339,0,2,,,,
08:44.6,86.8696,2.493,5.8140001,7.7800503,10.02730417,0,2,,,,
08:44.7,86.982,-0.55095005,3.1930501,11.491951,11.94001896,0,2,,,,
08:44.8,87.0921,0.23205002,2.8960502,6.3190503,6.954951522,0,2,,,,
08:44.9,87.2032,0.81405002,3.9379501,8.8740005,9.742587608,0,2,,,,
08:45.1,87.3383,-0.75705004,5.6239505,8.1130505,9.900683431,0,2,,,,
08:45.2,87.4531,-1.0870501,5.2440004,9.1380005,10.59170766,0,2,,,,
08:45.3,87.5662,-0.64200002,3.3300002,10.038,10.59540039,0,2,,,,
08:45.4,87.6997,2.2630501,3.5719502,9.6100502,10.4992042,0,2,,,,
08:45.5,87.8127,1.6489501,2.7810001,8.8189507,9.392916982,0,2,,,,
08:45.6,87.9255,1.9230001,3.2839501,8.757,9.548157238,0,2,,,,
08:45.8,88.054,0.38505003,3.4189501,9.40905,10.01836839,0,2,,,,
08:45.9,88.1716,0.75900006,3.3010502,9.5359507,10.11965263,0,2,,,,
08:46.0,88.2818,-0.31605002,3.0780001,10.620001,11.06157283,0,2,,,,
08:46.1,88.3927,0.45195001,3.8449502,9.2479506,10.02559181,0,2,,,,
08:46.2,88.5045,1.8889501,3.8640001,10.017,10.90132644,0,2,,,,
08:46.3,88.63,1.4670001,3.9000001,8.0940008,9.103567379,0,2,,,,
08:46.5,88.7674,1.43595,3.9000001,12.936001,13.58720262,1,2,,,,
08:46.6,88.8922,-0.76605004,3.5929501,7.6410003,8.478266843,0,2,,,,
08:46.7,89.0018,-0.47205001,4.5559502,9.5359507,10.57893516,0,2,,,,
08:46.8,89.1144,-0.61800003,5.3610001,9.2860508,10.74025072,0,2,,,,
08:46.9,89.2263,0.27000001,5.2939501,7.6579504,9.313592862,0,2,,,,
08:47.1,89.3451,-0.41595003,5.2699504,10.054951,11.35990454,0,2,,,,
08:47.2,89.4862,-0.49305001,2.4409502,10.431001,10.72413717,0,2,,,,
08:47.3,89.6053,2.18595,4.1800504,6.0820503,7.696917214,0,2,,,,
08:47.4,89.7161,-0.14295001,4.6350002,8.3190002,9.524149615,0,2,,,,
08:47.5,89.8274,-1.434,6.6520505,9.3030005,11.52614203,0,2,,,,
08:47.7,89.9382,-1.8850501,6.2490001,10.551001,12.40673358,1,2,,,,
08:47.8,90.0701,-0.99795008,3.9790502,5.8500004,7.145015713,0,2,,,,
08:47.9,90.1836,0.16095001,3.3730502,9.4590006,10.04370773,0,2,,,,
08:48.0,90.3064,0.294,5.3149505,7.1239505,8.893020046,0,2,,,,
08:48.1,90.4186,-0.19800001,5.5690503,7.6030502,9.426552795,0,2,,,,
08:48.2,90.5339,0.87105006,6.0289502,8.2110004,10.22386895,0,2,,,,
08:48.4,90.6444,-0.12195001,2.7720001,12.11295,12.42668154,1,2,,,,
08:48.5,90.765,-0.85695004,3.1740003,5.3059502,6.2419347,0,2,,,,
08:48.6,90.8881,-0.10305001,4.9939504,7.1209502,8.698165994,0,2,,,,
08:48.7,91.0128,-3.7189503,5.5620003,9.8899508,11.94058481,0,2,,,,
08:48.9,91.1404,-1.092,5.5260005,12.663001,13.8593196,1,2,,,,
08:49.0,91.2512,-0.59805006,5.3350501,10.276051,11.5938625,0,2,,,,
08:49.1,91.3708,-1.5300001,3.5100002,5.5140004,6.713062053,0,2,,,,
08:49.2,91.4801,-0.56505001,3.8929503,7.5910501,8.549759363,0,2,,,,
08:49.3,91.5901,-0.19605,4.9300504,9.4590006,10.66848278,0,2,,,,
08:49.4,91.7015,-2.3299501,3.2509501,12.184051,12.82374527,1,2,,,,
08:49.5,91.8128,3.9940503,4.6590004,7.1400003,9.414792978,0,2,,,,
08:49.7,91.9364,0.55005002,4.1659503,7.4040003,8.513337616,0,2,,,,
08:49.8,92.0528,-2.6370001,5.6149502,7.6579504,9.855234122,0,2,,,,
08:49.9,92.1745,-3.4750502,5.5069504,10.668,12.49834791,1,2,,,,
08:50.0,92.2855,-0.89805007,4.3410001,8.2810507,9.392900324,0,2,,,,
08:50.1,92.3988,-0.009000001,5.0569501,9.9880505,11.19526588,0,2,,,,
08:50.2,92.5083,-0.91500002,4.49895,6.7879505,8.194757356,0,2,,,,
08:50.4,92.6531,-1.0200001,4.197,8.9419508,9.930442755,0,2,,,,
08:50.5,92.7673,-0.049950004,4.36695,7.7680502,8.911529118,0,2,,,,
08:50.6,92.8811,0.98100007,2.7720001,10.27995,10.69222698,0,2,,,,
08:50.7,92.9905,1.9750501,2.595,9.5359507,10.07815477,0,2,,,,
08:50.8,93.1016,1.79295,2.6020501,9.7440004,10.24357741,0,2,,,,
08:50.9,93.2121,1.17795,2.4840002,9.8110504,10.18894171,0,2,,,,
08:51.0,93.3227,1.0320001,2.2930501,10.134001,10.44131597,0,2,,,,
08:51.2,93.4443,1.5229501,2.69805,9.5020504,9.994389057,0,2,,,,
08:51.3,93.555,1.0000501,3.9690001,8.7379503,9.649084798,0,2,,,,
08:51.4,93.668,1.0720501,4.6110001,11.14305,12.10694745,1,2,,,,
08:51.5,93.8047,0.70305002,3.1860001,8.3089504,8.926563321,0,2,,,,
08:51.6,93.9168,0.70305002,3.6390002,7.6530004,8.503235673,0,2,,,,
08:51.7,94.0263,1.43595,4.5270004,9.61695,10.72573598,0,2,,,,
08:51.9,94.1472,1.0510501,3.1480501,11.808001,12.26555394,1,2,,,,
08:52.0,94.2596,2.01705,1.9600501,8.5489502,8.999713141,0,2,,,,
08:52.1,94.3692,2.5930502,3.0949502,8.0340004,8.99153983,0,2,,,,
08:52.2,94.4872,0.74400002,4.8270001,8.8650007,10.12134889,0,2,,,,
08:52.3,94.6136,-1.6999501,5.4900002,9.0799503,10.74594947,0,2,,,,
08:52.4,94.7288,-1.36695,3.1600502,10.243951,10.80708109,0,2,,,,
08:52.6,94.8397,0.588,3.0280502,10.68795,11.12416771,0,2,,,,
08:52.7,94.9547,0.71505004,3.7510502,7.3540502,8.286357976,0,2,,,,
08:52.8,95.0655,1.9440001,3.9600003,9.0180006,10.03917694,0,2,,,,
08:52.9,95.1772,1.1539501,4.2499504,8.0790005,9.20130036,0,2,,,,
08:53.0,95.2877,0.83505005,2.9950502,13.344001,13.70145967,1,2,,,,
08:53.1,95.3992,2.8420501,3.7369502,7.6939502,9.013263296,0,2,,,,
08:53.2,95.5144,-0.20595001,2.9179502,7.5330005,8.081023779,0,2,,,,
08:53.4,95.6472,-1.04205,4.7599502,8.3040009,9.628054064,0,2,,,,
08:53.5,95.7587,-1.3890001,5.4850502,13.590001,14.72084319,1,2,,,,
08:53.6,95.8721,-1.3579501,2.7430501,10.929001,11.34951167,0,2,,,,
08:53.7,95.9849,1.4959501,3.3679502,11.478001,12.05510109,1,2,,,,
08:53.8,96.0982,0.94500005,3.4900501,6.8320503,7.729837391,0,2,,,,
08:53.9,96.2084,2.1070502,3.3780003,9.3130503,10.12834895,0,2,,,,
08:54.1,96.343,2.4829502,5.4349504,5.63205,8.211194478,0,2,,,,
08:54.2,96.4585,1.3930501,2.4649501,11.691001,12.02896803,1,2,,,,
08:54.3,96.5696,0.99105006,3.07095,5.9310002,6.752012848,0,2,,,,
08:54.4,96.6826,0.57405001,3.9259503,7.8019505,8.752888139,0,2,,,,
08:54.5,96.7916,0.95295006,5.9719501,8.3839502,10.33745243,0,2,,,,
08:54.6,96.9024,0.072000004,6.3169503,10.243951,12.0352639,1,2,,,,
08:54.7,97.0145,-2.7949502,2.4289501,8.625,9.38627563,0,2,,,,
08:54.8,97.125,1.3380001,2.6740501,11.133,11.52755296,0,2,,,,
08:55.0,97.2361,1.7910001,3.9210002,7.6720505,8.800129704,0,2,,,,
08:55.1,97.3494,1.9300501,4.1950502,7.9879503,9.22664021,0,2,,,,
08:55.2,97.4747,0.91200006,6.1900501,5.9620504,8.642598528,0,2,,,,
08:55.3,97.5931,2.4420002,3.7180502,12.604051,13.36597785,1,2,,,,
08:55.4,97.7122,-0.067050003,2.2810502,6.2809501,6.682665627,0,2,,,,
08:55.5,97.8258,1.7070001,4.22295,9.1140003,10.18882513,0,2,,,,
08:55.7,97.938,-0.37605003,6.2179503,8.4820499,10.52375836,0,2,,,,
08:55.8,98.0477,1.4959501,6.7549505,10.627951,12.68150486,1,2,,,,
08:55.9,98.1603,-0.87105006,3.9169502,7.7940001,8.766279977,0,2,,,,
08:56.0,98.2712,1.3260001,3.34905,10.074,10.69859281,0,2,,,,
08:56.1,98.4096,3.5800502,4.2780004,10.177051,11.60561993,0,2,,,,
08:56.2,98.5326,3.0169501,3.6270001,7.9980001,9.285748394,0,2,,,,
08:56.4,98.643,-0.26295,3.5550001,9.7770004,10.4065799,0,2,,,,
08:56.5,98.7538,1.9459502,3.8329501,12.019051,12.76463143,1,2,,,,
08:56.6,98.8646,1.1010001,2.25705,8.6830502,9.038906831,0,2,,,,
08:56.7,98.9746,0.91200006,3.5020502,7.5450006,8.367982658,0,2,,,,
08:56.8,99.1134,0.27705002,4.5180001,10.024051,10.9986672,0,2,,,,
08:56.9,99.2261,-1.07295,5.1139503,8.2110004,9.732637718,0,2,,,,
08:57.1,99.3551,-0.58605003,6.0750003,12.204,13.64502471,1,2,,,,
08:57.2,99.4658,-1.0030501,4.8270001,7.0420504,8.596308121,0,2,,,,
08:57.3,99.5778,-0.186,4.5799503,9.0400505,10.13573154,0,2,,,,
08:57.4,99.6884,0.064950004,5.6290503,6.2880001,8.439749466,0,2,,,,
08:57.5,99.7991,0.46605003,6.0670505,6.9370503,9.227620022,0,2,,,,
08:57.6,99.9099,0.14205001,6.2089505,9.4540501,11.31151218,0,2,,,,
08:57.8,100.042,0.65595001,2.8960502,12.084001,12.44349056,1,2,,,,
08:57.9,100.1596,1.30005,3.1740003,6.9490504,7.749432842,0,2,,,,
08:58.0,100.2723,-1.0969501,3.3250501,7.4830503,8.261676554,0,2,,,,
08:58.1,100.3861,-1.6620001,5.2909503,9.8560505,11.30920558,0,2,,,,
08:58.2,100.4973,-3.1320002,5.1910501,11.55195,13.04622456,1,2,,,,
08:58.3,100.6082,-1.4940001,3.7200003,11.610001,12.28261217,0,2,,,,
08:58.4,100.7186,0.036000002,4.1130004,9.4210501,10.27979831,0,2,,,,
08:58.5,100.8281,-0.081,3.6649501,6.7690501,7.697951643,0,2,,,,
08:58.7,100.963,-0.021000002,4.6260004,7.8810005,9.138407388,0,2,,,,
08:58.8,101.076,-0.13905001,4.8720002,10.198951,11.30373046,0,2,,,,
08:58.9,101.1879,-1.17795,2.046,12.46695,12.6885194,1,2,,,,
08:59.0,101.3014,2.6670001,3.4930501,7.0279503,8.288930809,0,2,,,,
08:59.1,101.4137,1.21095,3.6799502,7.5739503,8.507241417,0,2,,,,
08:59.2,101.5243,-0.68895006,4.3770003,8.8530006,9.899919365,0,2,,,,
08:59.4,101.6355,-1.41795,5.3490005,10.72605,12.069405,0,2,,,,
08:59.5,101.7448,-1.8940501,2.8630502,12.59595,13.05536053,1,2,,,,
08:59.6,101.8614,0.34200001,3.9409502,8.7040501,9.560781382,0,2,,,,
08:59.7,101.9992,-0.091050006,4.0170002,5.6029501,6.894753841,0,2,,,,
08:59.8,102.1096,0.26505002,4.0279503,8.7000008,9.59086279,0,2,,,,
08:59.9,102.2303,0.60795003,4.3189502,8.7790508,9.802788737,0,2,,,,
09:00.1,102.3402,0.046050001,2.2279501,10.882051,11.10787631,0,2,,,,
09:00.2,102.4543,3.2610002,2.9610002,8.5729504,9.638315364,0,2,,,,
09:00.3,102.566,1.9060501,3.8860502,8.4409504,9.485992663,0,2,,,,
09:00.4,102.7027,-0.17895001,4.1200504,8.5489502,9.491648325,0,2,,,,
09:00.5,102.8142,-0.54105002,4.4029503,8.6970005,9.763018189,0,2,,,,
09:00.6,102.9236,0.20505001,2.4169502,10.908001,11.17444314,0,2,,,,
09:00.7,103.0337,1.33605,3.7590001,7.9500003,8.89480838,0,2,,,,
09:00.9,103.153,3.6060002,3.3300002,7.1449504,8.668474779,0,2,,,,
09:01.0,103.2649,2.5189502,3.6130502,9.1669502,10.17016312,0,2,,,,
09:01.1,103.3849,2.9839501,3.6559501,8.8819504,10.05778168,0,2,,,,
09:01.2,103.5154,1.5660001,0.84600002,8.7619505,8.94090873,0,2,,,,
09:01.4,103.6437,2.8230002,0.46905002,10.219951,10.61304558,0,2,,,,
09:01.5,103.774,2.0880001,0.28695002,10.41405,10.62518339,0,2,,,,
09:01.6,103.8865,1.9200001,1.43505,10.692,10.95740083,0,2,,,,
09:01.7,103.9982,1.8240001,1.0000501,10.347,10.55402698,0,2,,,,
09:01.8,104.1215,-0.31095001,1.9699501,8.1490507,8.389542337,0,2,,,,
09:02.0,104.2434,-0.15795001,2.046,11.755951,11.93371058,0,2,,,,
09:02.1,104.3575,-0.67305005,3.1810501,8.18505,8.807219744,0,2,,,,
09:02.2,104.4686,-0.99600005,3.2650502,7.9789505,8.678491804,0,2,,,,
09:02.3,104.5774,-1.5589501,3.1099501,9.0280504,9.675112871,0,2,,,,
09:02.4,104.6892,-1.8559501,3.1380002,9.6720009,10.33630483,0,2,,,,
09:02.5,104.8084,0.19005001,4.2109504,9.1159506,10.04334494,0,2,,,,
09:02.6,104.9188,-0.80895007,1.107,10.30395,10.39476959,0,2,,,,
09:02.8,105.051,1.8030001,3.1570501,6.8440504,7.749761324,0,2,,,,
09:02.9,105.166,0.49005002,4.2979503,8.0760002,9.161566735,0,2,,,,
09:03.0,105.29,-2.2219501,4.8840003,9.13305,10.59259758,0,2,,,,
09:03.1,105.404,-1.6210501,4.7599502,10.969951,12.0675082,1,2,,,,
09:03.2,105.5151,-1.69305,2.6449502,7.7899504,8.399137283,0,2,,,,
09:03.3,105.627,0.43005002,1.77795,9.8209505,9.989850747,0,2,,,,
09:03.5,105.7397,1.4170501,3.6529503,7.8280501,8.753881725,0,2,,,,
09:03.6,105.852,2.14995,3.8070002,8.5099506,9.567381812,0,2,,,,
09:03.7,105.9878,1.9560001,4.7569504,9.7699509,11.04112558,0,2,,,,
09:03.8,106.0992,2.07795,2.97105,9.2719507,9.955605662,0,2,,,,
09:03.9,106.2112,-0.10305001,1.7850001,7.5670505,7.775416255,0,2,,,,
09:04.0,106.3214,0.63600004,3.5430002,9.8590508,10.49562905,0,2,,,,
09:04.1,106.4332,-1.0200001,4.4820004,9.6000004,10.64371812,0,2,,,,
09:04.3,106.544,0.78000003,4.2469501,13.89,14.54568957,1,2,,,,
09:04.4,106.6557,-0.98400003,2.9200501,5.6530504,6.43831713,0,2,,,,
09:04.5,106.7675,0.73005003,1.24395,10.26105,10.36192703,0,2,,,,
09:04.6,106.8803,1.41495,3.9240003,9.7750502,10.62786283,0,2,,,,
09:04.7,107.0059,1.5270001,4.0099502,9.9469509,10.83297107,0,2,,,,
09:04.9,107.1394,-0.50700003,2.5710001,12.75195,13.01842231,1,2,,,,
09:05.0,107.2522,1.72905,2.4409502,8.7480001,9.245288396,0,2,,,,
09:05.1,107.362,0.18195,2.5710001,7.1430001,7.593786786,0,2,,,,
09:05.2,107.4812,-0.15105,3.7159503,8.2110004,9.013968621,0,2,,,,
09:05.3,107.593,-1.24695,4.8559504,10.21605,11.37993041,0,2,,,,
09:05.4,107.7126,0.46605003,5.1979504,13.066051,14.06973986,1,2,,,,
09:05.6,107.8365,0.54105002,4.5630002,8.2999506,9.48698508,0,2,,,,
09:05.7,107.9448,-0.91905004,1.8979501,6.1630502,6.513835685,0,2,,,,
09:05.8,108.0571,-0.62205005,4.0170002,9.243,10.09734053,0,2,,,,
09:05.9,108.1678,-0.92205006,3.7039502,9.89505,10.60572666,0,2,,,,
09:06.0,108.2789,-0.83100003,6.6760502,9.1740007,11.37640084,0,2,,,,
09:06.1,108.4051,0.92595005,3.4759502,8.9629507,9.657851652,0,2,,,,
09:06.3,108.5355,-1.5589501,3.8350501,8.0950508,9.092182474,0,2,,,,
09:06.4,108.648,-1.5130501,3.7249501,9.5089502,10.32398701,0,2,,,,
09:06.5,108.7576,-1.4320501,4.0770001,8.0430002,9.130309388,0,2,,,,
09:06.6,108.8677,-1.3939501,3.5860503,8.1940508,9.052365555,0,2,,,,
09:06.7,108.9774,-3.5490003,4.4509501,9.3529501,10.94915684,0,2,,,,
09:06.8,109.0873,-1.7670001,3.9310503,8.2759504,9.330959267,0,2,,,,
09:06.9,109.197,-2.32005,3.0640502,9.5430002,10.2878515,0,2,,,,
09:07.0,109.3062,-1.06305,5.0730004,8.1780005,9.682205355,0,2,,,,
09:07.1,109.4163,-2.7949502,3.8569503,9.8280001,10.92141924,0,2,,,,
09:07.2,109.5268,-1.6000501,3.6010501,11.454,12.11287902,1,2,,,,
09:07.4,109.6408,-1.0390501,3.2340002,8.7120008,9.350793568,0,2,,,,
09:07.5,109.7706,-0.31095001,2.6550002,7.2769504,7.752401118,0,2,,,,
09:07.6,109.8859,-0.57900006,5.0500503,8.0239506,9.498527903,0,2,,,,
09:07.7,109.9966,-1.9969501,5.6119504,10.110001,11.73430514,0,2,,,,
09:07.8,110.1153,-1.2760501,4.8439503,11.236051,12.30207301,1,2,,,,
09:07.9,110.2252,-0.057000004,4.9540501,8.4030008,9.754808242,0,2,,,,
09:08.1,110.336,-1.0969501,2.7889502,6.4480505,7.110478042,0,2,,,,
09:08.2,110.4453,-0.093000002,3.4590001,8.4340506,9.116278858,0,2,,,,
09:08.3,110.579,0.18195,4.0129504,9.7849503,10.5774349,0,2,,,,
09:08.4,110.6983,-0.80205005,1.74405,12.76395,12.9074945,1,2,,,,
09:08.5,110.8099,2.3610001,4.3930502,6.7759504,8.413484139,0,2,,,,
09:08.6,110.9208,-1.0680001,3.7540503,7.2120004,8.200394359,0,2,,,,
09:08.8,111.0406,-1.18005,5.2720504,8.0449505,9.690627532,0,2,,,,
09:08.9,111.1738,-1.4080501,5.7460504,12.034051,13.40962653,1,2,,,,
09:09.0,111.3122,-0.73005003,4.8630004,7.2480001,8.758724301,0,2,,,,
09:09.1,111.4235,-1.26195,2.3119502,5.1889501,5.819178178,0,2,,,,
09:09.3,111.5359,0.53295004,4.1490002,8.4190502,9.400991686,0,2,,,,
09:09.4,111.6478,0.14895001,4.6999502,9.7990503,10.86890541,0,2,,,,
09:09.5,111.7596,-1.1920501,3.3180001,13.078051,13.54494467,1,2,,,,
09:09.6,111.8694,2.6820002,5.1600003,6.8029504,8.949796775,0,2,,,,
09:09.7,111.9792,-1.0030501,3.4740002,7.4110503,8.246117477,0,2,,,,
09:09.8,112.1069,-0.92700005,5.6100001,7.3230004,9.271341061,0,2,,,,
09:10.0,112.2396,-2.32305,6.6060004,11.092051,13.11752255,1,2,,,,
09:10.1,112.3514,-1.8199501,3.4399502,6.4789505,7.557927978,0,2,,,,
09:10.2,112.4629,1.029,3.3970501,10.608001,11.18608402,0,2,,,,
09:10.3,112.5904,0.60300004,5.0260501,8.0170507,9.481449814,0,2,,,,
09:10.4,112.6998,-0.68505001,5.0590501,8.1340504,9.60343987,0,2,,,,
09:10.6,112.8352,-0.36900002,6.2610002,9.1879501,11.1245095,0,2,,,,
09:10.7,112.9569,0.49305001,4.3600502,8.5099506,9.57457024,0,2,,,,
09:10.8,113.076,0.18000001,3.7630501,8.6179504,9.405424773,0,2,,,,
09:10.9,113.188,-1.353,4.53195,8.3520002,9.59818145,0,2,,,,
09:11.0,113.2995,-1.7070001,4.15905,8.1090002,9.271862299,0,2,,,,
09:11.1,113.4098,1.1899501,3.3060002,11.575951,12.0974485,1,2,,,,
09:11.3,113.551,-0.72795004,3.8230503,9.4590006,10.2283096,0,2,,,,
09:11.4,113.6668,-0.74700004,3.1860001,9.71805,10.25422359,0,2,,,,
09:11.5,113.7776,0.54495001,3.7830002,10.386001,11.06693624,0,2,,,,
09:11.6,113.8879,0.20295002,3.6799502,7.9429502,8.756350842,0,2,,,,
09:11.7,113.9984,0.22695,3.8569503,8.52495,9.359612408,0,2,,,,
09:11.8,114.1096,0.082050003,4.6810503,9.1810503,10.30585507,0,2,,,,
09:11.9,114.2205,-0.57000005,4.6590004,9.1810503,10.31129814,0,2,,,,
09:12.1,114.3414,1.008,3.7900503,10.338,11.05688877,0,2,,,,
09:12.2,114.4516,0.68205005,2.4289501,7.3110003,7.734062079,0,2,,,,
09:12.3,114.5785,1.33095,4.9060502,8.80305,10.16535517,0,2,,,,
09:12.4,114.688,-1.33605,5.1859503,11.20995,12.42344916,0,2,,,,
09:12.5,114.7984,-1.11105,4.3810501,13.696051,14.42254641,1,2,,,,
09:12.6,114.9089,-0.73695004,4.42695,7.9360504,9.117120029,0,2,,,,
09:12.8,115.036,-0.20100001,3.0780001,6.1249504,6.857805992,0,2,,,,
09:12.9,115.1464,0.94800007,3.9049501,8.4700508,9.374918665,0,2,,,,
09:13.0,115.2567,0.88800007,3.5980501,9.5070009,10.20380198,0,2,,,,
09:13.1,115.372,1.06305,4.1130004,11.80605,12.54709784,1,2,,,,
09:13.2,115.4988,2.18595,3.4039502,8.2609501,9.198290652,0,2,,,,
09:13.3,115.6291,0.31305,3.0690002,8.2590008,8.816340326,0,2,,,,
09:13.5,115.7387,-0.37995002,4.4239502,8.5129499,9.601354768,0,2,,,,
09:13.6,115.8714,-2.24895,4.7790003,12.795001,13.84227837,1,2,,,,
09:13.7,115.9979,-2.3110502,2.21895,7.5600004,8.210864642,0,2,,,,
09:13.8,116.1328,1.25205,2.3959501,11.269951,11.58965063,0,2,,,,
09:14.0,116.2435,1.5010501,3.7870502,7.8730502,8.864525936,0,2,,,,
09:14.1,116.3536,1.8049501,3.5959501,9.0970507,9.947111813,0,2,,,,
09:14.2,116.4726,0.51195002,3.7710001,9.1570501,9.916355233,0,2,,,,
09:14.3,116.584,1.575,3.07605,10.323001,10.88609472,0,2,,,,
09:14.4,116.6949,0.051000003,2.5660501,7.4400005,7.870249142,0,2,,,,
09:14.5,116.819,0.73695004,3.9049501,8.0479507,8.975591408,0,2,,,,
09:14.7,116.9367,-1.87995,4.5349503,9.5929508,10.77611671,0,2,,,,
09:14.8,117.0484,-1.3290001,4.9969501,10.795051,11.9694978,0,2,,,,
09:14.9,117.1586,-1.7050501,3.5359502,7.3030505,8.291241539,0,2,,,,
09:15.0,117.2712,-0.40200001,1.4980501,9.1360502,9.266777831,0,2,,,,
09:15.1,117.3826,0.39000002,4.0320001,8.0950508,9.052014819,0,2,,,,
09:15.2,117.5095,0.61005002,3.8689501,8.5300503,9.386303534,0,2,,,,
09:15.4,117.637,-1.9710001,3.3750002,11.784,12.41523756,1,2,,,,
09:15.5,117.7553,3.1099501,4.5420003,9.4129505,10.9043658,0,2,,,,
09:15.6,117.8762,-0.48795003,2.6760001,7.9620004,8.41382922,0,2,,,,
09:15.7,117.9857,0.588,3.7510502,8.2399502,9.07264575,0,2,,,,
09:15.8,118.1009,-1.71,4.671,9.0400505,10.31818075,0,2,,,,
09:15.9,118.2111,-0.34200001,5.2510505,13.05105,14.0719722,1,2,,,,
09:16.0,118.3277,-0.92205006,2.8009501,9.2310009,9.69055599,0,2,,,,
09:16.2,118.4409,1.4290501,3.1860001,10.11495,10.70070065,0,2,,,,
09:16.3,118.5748,1.9030501,2.832,9.684,10.26750601,0,2,,,,
09:16.4,118.6913,1.7359501,2.7739501,9.1810503,9.746794679,0,2,,,,
09:16.5,118.8024,1.0390501,2.6160002,9.3799505,9.79318914,0,2,,,,
09:16.6,118.9127,1.1080501,3.0229502,9.6700506,10.1919518,0,2,,,,
09:16.7,119.0236,0.094050005,2.319,10.54605,10.79841549,0,2,,,,
09:16.9,119.1474,0.26505002,3.5260501,8.5009508,9.207032384,0,2,,,,
09:17.0,119.2589,-1.164,3.4830003,9.2220001,9.926302078,0,2,,,,
09:17.1,119.3815,-3.9280503,5.3200502,7.0450501,9.662569234,0,2,,,,
09:17.2,119.4972,-3.1440001,3.7830002,9.27705,10.5004516,0,2,,,,
09:17.3,119.6099,-0.63000005,4.6570501,7.4040003,8.769506037,0,2,,,,
09:17.4,119.7212,-2.289,4.2139502,7.3270502,8.756857994,0,2,,,,
09:17.5,119.8326,-2.6530502,4.8580503,8.38095,10.04388625,0,2,,,,
09:17.7,119.9447,-1.5130501,4.8360004,8.1940508,9.634245637,0,2,,,,
09:17.8,120.0559,0.26505002,5.5759501,9.8800507,11.34798982,0,3,,,,
09:17.9,120.167,0.27705002,2.9590502,10.575001,10.98468848,0,3,,,,
09:18.0,120.2779,1.6140001,3.2440503,6.0360003,7.040039651,0,3,,,,
09:18.1,120.3903,1.6380001,3.7630501,7.7580004,8.776682778,0,3,,,,
09:18.2,120.5258,-1.164,5.3350501,8.4870005,10.0919192,0,3,,,,
09:18.4,120.642,-1.8319501,5.4970503,12.582001,13.85208837,1,3,,,,
09:18.5,120.7502,-2.4670501,2.3650501,9.0880508,9.709400883,0,3,,,,
09:18.6,120.862,1.67295,3.3730502,9.6430502,10.35203586,0,3,,,,
09:18.7,120.9796,0.65295005,3.4810503,7.2940502,8.108466148,0,3,,,,
09:18.8,121.1078,0.051000003,3.6769502,8.5390501,9.297200675,0,3,,,,
09:19.0,121.2447,2.0730002,5.1070504,10.611,11.95711565,0,3,,,,
09:19.1,121.3563,1.3600501,2.7259502,9.7339506,10.19952622,0,3,,,,
09:19.2,121.4752,0.25605002,3.0739501,6.3409505,7.051410077,0,3,,,,
09:19.3,121.585,0.59805006,4.5490503,8.3520002,9.52929325,0,3,,,,
09:19.4,121.7052,-2.2080002,5.3749504,10.587001,12.07683513,0,3,,,,
09:19.5,121.833,-2.8590002,2.8530002,13.102051,13.71047894,1,3,,,,
09:19.7,121.9539,1.6830001,4.7740502,10.944,12.0579924,0,3,,,,
09:19.8,122.0647,-0.63195002,3.9720001,6.0169501,7.23739139,0,3,,,,
09:19.9,122.1759,-0.59805006,3.6460502,7.8019505,8.632599698,0,3,,,,
09:20.0,122.2875,-0.68205005,4.3450503,8.2729502,9.369437517,0,3,,,,
09:20.1,122.3989,-2.4760501,2.7139502,12.27105,12.8091771,1,3,,,,
09:20.2,122.5101,2.046,3.8209503,7.4610004,8.628574863,0,3,,,,
09:20.3,122.6208,0.14895001,4.7860503,6.6160502,8.167042539,0,3,,,,
09:20.5,122.7413,-0.85905004,6.4150505,9.1429501,11.20198091,0,3,,,,
09:20.6,122.8716,-1.7149501,6.1180501,9.0880508,11.08892503,0,3,,,,
09:20.7,123.0001,-1.794,2.7240002,7.2820501,7.979152007,0,3,,,,
09:20.8,123.1107,0.88305002,3.5500503,10.996051,11.58860527,0,3,,,,
09:20.9,123.2229,-0.20595001,3.3679502,7.5360003,8.256924638,0,3,,,,
09:21.0,123.3336,1.7520001,4.4890504,9.3559504,10.52401472,0,3,,,,
09:21.2,123.4516,2.1979501,5.7180004,7.8250504,9.937702299,0,3,,,,
09:21.3,123.5667,0.83295006,3.2010002,7.8970504,8.561752922,0,3,,,,
09:21.4,123.6967,3.4150503,4.4650502,10.326,11.75693488,0,3,,,,
09:21.5,123.8075,0.22695,3.8070002,9.4330502,10.17483135,0,3,,,,
09:21.6,123.9174,1.6830001,3.7729502,9.0210009,9.922000796,0,3,,,,
09:21.7,124.0289,0.60300004,2.5900502,9.7579508,10.11383077,0,3,,,,
09:21.9,124.1397,1.0870501,2.6760001,9.5020504,9.931345138,0,3,,,,
09:22.0,124.2515,-0.15795001,3.3420002,9.7270508,10.28637112,0,3,,,,
09:22.1,124.3715,1.3069501,3.6889501,12.28005,12.88860347,1,3,,,,
09:22.2,124.5013,0.36600003,3.8040001,6.6330004,7.655133382,0,3,,,,
09:22.3,124.6216,0.73200005,4.7449503,9.2509508,10.42259412,0,3,,,,
09:22.5,124.7552,-0.53400004,3.4780502,8.8170004,9.493233658,0,3,,,,
09:22.6,124.8662,0.60000002,2.9250002,8.6640005,9.1640892,0,3,,,,
09:22.7,124.9967,0.34395,3.8380501,7.4110503,8.352999265,0,3,,,,
09:22.8,125.1258,0.31995001,5.8810501,8.5420504,10.37572857,0,3,,,,
09:23.0,125.2446,-3.9160502,4.7740502,9.6960001,11.49519127,0,3,,,,
09:23.1,125.3567,-2.0040002,2.6830502,13.86795,14.26656274,1,3,,,,
09:23.2,125.489,2.2339501,3.2200501,11.410951,12.06520031,0,3,,,,
09:23.3,125.6077,0.40200001,2.7460501,7.2199502,7.734990372,0,3,,,,
09:23.5,125.7537,2.7580502,3.3130503,7.8280501,8.936526818,0,3,,,,
09:23.6,125.8655,2.4090002,5.2600503,6.7120504,8.861322232,0,3,,,,
09:23.7,125.982,1.4940001,3.1530001,11.250001,11.77862337,0,3,,,,
09:23.8,126.0985,3.4579501,3.8620503,5.8830004,7.841080609,0,3,,,,
09:23.9,126.2162,1.14195,3.6940501,8.3980503,9.245393706,0,3,,,,
09:24.0,126.3263,-0.44805002,5.1690001,9.7369509,11.0330197,0,3,,,,
09:24.2,126.4621,0.71505004,6.6330004,9.7530003,11.8164718,0,3,,,,
09:24.3,126.5746,-0.90495002,2.7529502,8.1389999,8.639501647,0,3,,,,
09:24.4,126.6838,1.5610501,2.5110002,9.4300508,9.882704969,0,3,,,,
09:24.5,126.797,1.7839501,3.0469501,8.5729504,9.271561974,0,3,,,,
09:24.6,126.9082,2.766,3.2220001,6.6259503,7.869895681,0,3,,,,
09:24.7,127.0196,2.9430001,4.638,7.2030005,9.058449635,0,3,,,,
09:24.9,127.145,2.3460002,3.1690502,10.85805,11.55178973,0,3,,,,
09:25.0,127.2725,1.48905,2.7529502,7.5690002,8.190590256,0,3,,,,
09:25.1,127.3898,1.6519501,4.0960503,8.9509506,9.981286682,0,3,,,,
09:25.2,127.5142,0.57195002,5.0059505,9.5950508,10.83751203,0,3,,,,
09:25.3,127.6252,1.11105,5.45895,11.35095,12.64431228,1,3,,,,
09:25.5,127.7367,-0.39000002,3.7729502,7.3560004,8.276351558,0,3,,,,
09:25.6,127.8468,1.43595,2.391,10.458,10.82352056,0,3,,,,
09:25.7,127.9809,1.899,3.8500502,8.4340506,9.463735894,0,3,,,,
09:25.9,128.147,1.5850501,4.3189502,7.1689506,8.51819038,0,3,,,,
09:26.0,128.2573,-1.3069501,3.3180001,12.807,13.29422778,1,3,,,,
09:26.1,128.3687,3.8550003,4.15905,8.5540504,10.26306496,0,3,,,,
09:26.3,128.5441,2.052,3.7369502,7.8060002,8.894331898,0,3,,,,
09:26.4,128.6552,0.036000002,4.9420505,7.5499501,9.023685813,0,3,,,,
09:26.5,128.7648,0.58395004,5.2699504,14.47605,15.41653004,1,3,,,,
09:26.7,128.9521,0.69405001,2.9899502,7.1689506,7.798420373,0,3,,,,
09:26.8,129.0641,1.40295,2.8249502,9.0900002,9.621679478,0,3,,,,
09:26.9,129.1749,1.7640001,2.9250002,9.5809507,10.1716242,0,3,,,,
09:27.0,129.3332,0.59295005,1.4929501,10.28295,10.40766787,0,3,,,,
09:27.2,129.4441,1.79295,1.332,10.26405,10.50426657,0,3,,,,
09:27.3,129.5554,0.24795002,2.6350501,10.73805,11.05941617,0,3,,,,
09:27.6,129.9057,0.14895001,3.5530503,9.3060007,9.962329124,0,3,,,,
09:27.7,130.0165,-0.36900002,5.7199502,11.701051,13.02952746,1,3,,,,
09:27.9,130.1631,0.37500003,4.3090501,7.6650004,8.801179973,0,3,,,,
09:28.0,130.2737,0.046050001,4.4560504,8.4889507,9.587533038,0,3,,,,
09:28.1,130.3827,-0.24600001,4.9660501,7.6219501,9.100345759,0,3,,,,
09:28.3,130.5782,0.66000003,4.848,8.2230005,9.568513012,0,3,,,,
09:28.4,130.704,-0.63405001,2.6070001,10.53705,10.87326499,0,3,,,,
09:28.5,130.8149,3.1009502,4.1440501,7.0900502,8.778260375,0,3,,,,
09:28.7,130.9923,0.010050001,5.2150502,8.6040001,10.06109673,0,3,,,,
09:28.8,131.1053,-1.3219501,5.9050503,11.05605,12.60370631,0,3,,,,
09:28.9,131.2177,0.24795002,5.7150002,12.814051,14.03291166,1,3,,,,
09:29.1,131.3347,0.46395001,4.5510001,7.4899502,8.776457458,0,3,,,,
09:29.2,131.4466,0.01695,2.6089501,7.4880004,7.929505528,0,3,,,,
09:29.3,131.5776,0.55995005,4.1130004,8.0149508,9.026059643,0,3,,,,
09:29.4,131.6904,1.4719501,4.6999502,9.2269506,10.45910065,0,3,,,,
09:29.5,131.8071,0.62400001,5.0899501,12.163051,13.19987794,1,3,,,,
09:29.6,131.9176,3.1180501,3.6319501,8.3140507,9.593577904,0,3,,,,
09:29.7,132.0297,1.1389501,2.76705,6.0940504,6.789051724,0,3,,,,
09:29.9,132.1393,1.3429501,4.6020002,8.4870005,9.747363659,0,3,,,,
09:30.0,132.2497,-1.125,5.7990003,9.7920008,11.43579071,0,3,,,,
09:30.1,132.3885,-1.401,3.9240003,13.53495,14.16176016,1,3,,,,
09:30.2,132.5073,1.38405,4.5900002,10.73805,11.75965195,0,3,,,,
09:30.3,132.627,0.060000002,3.8070002,6.7759504,7.772409816,0,3,,,,
09:30.5,132.7609,1.044,3.8950503,7.5499501,8.559386622,0,3,,,,
09:30.6,132.8724,2.3029501,5.4300003,8.0220003,9.956955922,0,3,,,,
09:30.7,133.0078,2.2339501,3.8590503,9.5980501,10.58325885,0,3,,,,
09:30.8,133.1254,2.1720002,3.4759502,6.5779505,7.750435307,0,3,,,,
09:31.0,133.2521,1.5319501,5.1210003,10.173,11.491799,0,3,,,,
09:31.1,133.3865,1.1029501,6.0319505,9.3250504,11.16053273,0,3,,,,
09:31.2,133.505,0.10995001,3.6270001,11.241,11.81216744,0,3,,,,
09:31.3,133.6239,0.82305002,5.4850502,8.9610004,10.53862966,0,3,,,,
09:31.5,133.7356,-0.61500001,3.3990002,5.6269503,6.602575032,0,3,,,,
09:31.6,133.8471,0.99600005,4.5150003,9.1740007,10.27324353,0,3,,,,
09:31.7,133.9799,1.779,6.1660504,8.8699503,10.94810654,0,3,,,,
09:31.9,134.1418,-1.7860501,2.9610002,9.6550503,10.2556079,0,3,,,,
09:32.0,134.2776,0.58605003,3.9649501,8.4030008,9.309925154,0,3,,,,
09:32.1,134.4099,-1.3909501,2.9869502,9.4999504,10.05513159,0,3,,,,
09:32.3,134.5601,-1.0339501,2.391,9.4210501,9.77456489,0,3,,,,
09:32.4,134.6712,-0.56295002,2.5849502,9.5670004,9.926045381,0,3,,,,
09:32.5,134.7813,0.031050002,2.5039501,9.2050505,9.539585154,0,3,,,,
09:32.6,134.892,0.28395,3.5239501,9.89505,10.50765751,0,3,,,,
09:32.7,135.0187,-0.49995002,4.4050503,8.5890007,9.665679034,0,3,,,,
09:32.9,135.1523,-2.052,4.506,7.8160505,9.25231784,0,3,,,,
09:33.0,135.2748,-0.024,4.2210002,9.4680004,10.36631324,0,3,,,,
09:33.1,135.4028,1.33605,3.5740502,9.8640003,10.57626429,0,3,,,,
09:33.2,135.5135,0.40905002,2.6809502,8.7790508,9.188392071,0,3,,,,
09:33.3,135.6245,0.55500001,4.5469503,7.0279503,8.388972968,0,3,,,,
09:33.5,135.7354,-1.1710501,5.0470505,8.8510504,10.25598217,0,3,,,,
09:33.6,135.8478,-2.2770002,5.5309501,10.218,11.8399182,0,3,,,,
09:33.7,135.966,-2.1940501,3.2080503,10.009951,10.73799616,0,3,,,,
09:33.8,136.0976,-0.89505005,3.3229501,9.9450006,10.52359962,0,3,,,,
09:33.9,136.208,-0.55305004,4.2589502,6.5920501,7.867632787,0,3,,,,
09:34.0,136.3256,0.048,4.5510001,8.9179506,10.01218002,0,3,,,,
09:34.2,136.4381,0.69105005,4.64505,8.5320005,9.739048835,0,3,,,,
09:34.3,136.5499,0.058050003,2.7460501,12.484051,12.78263237,1,3,,,,
09:34.4,136.6606,2.9929502,3.6940501,7.8330002,9.162949807,0,3,,,,
09:34.5,136.7746,0.36600003,3.2170501,6.7639503,7.49895933,0,3,,,,
09:34.6,136.9155,0.39405003,5.4760504,8.8510504,10.41554111,0,3,,,,
09:34.7,137.0273,-1.056,5.0640001,12.376051,13.41364497,1,3,,,,
09:34.9,137.1386,-0.085950002,3.6820502,12.550951,13.08018548,0,3,,,,
09:35.0,137.2505,0.71805006,4.2660003,9.7249508,10.64373161,0,3,,,,
09:35.1,137.3608,0.75600004,3.2749503,6.3529501,7.187267248,0,3,,,,
09:35.2,137.4719,1.9270501,3.6169503,8.4790506,9.417544831,0,3,,,,
09:35.3,137.5826,1.353,3.4540501,8.5009508,9.275086824,0,3,,,,
09:35.4,137.6949,0.87405002,2.9920502,14.16705,14.50591719,1,3,,,,
09:35.5,137.8183,2.8129501,4.0339503,7.2480001,8.758935366,0,3,,,,
09:35.6,137.9326,0.20295002,2.8600502,8.5680008,9.035027037,0,3,,,,
09:35.8,138.0434,0.94800007,4.6420503,8.2470007,9.511064907,0,3,,,,
09:35.9,138.1744,0.61995006,5.0899501,11.478001,12.57125439,0,3,,,,
09:36.0,138.2941,-0.105,3.21,13.413001,13.79216157,1,3,,,,
09:36.1,138.4057,2.6389501,4.0770001,9.8920507,11.0199208,0,3,,,,
09:36.2,138.5336,0.49305001,3.1980002,6.7050004,7.44495359,0,3,,,,
09:36.4,138.6475,1.4220001,3.9169502,7.8760505,8.910485656,0,3,,,,
09:36.5,138.7572,1.3380001,4.1490002,7.8930006,9.016867826,0,3,,,,
09:36.6,138.8702,0.01905,2.8890002,12.750001,13.07322495,1,3,,,,
09:36.7,138.9814,3.7260001,3.6169503,7.0450501,8.75203617,0,3,,,,
09:36.8,139.0913,0.60000002,2.9179502,7.8370504,8.384139334,0,3,,,,
09:36.9,139.2015,1.2690001,3.9450002,7.5310502,8.595935374,0,3,,,,
09:37.0,139.3141,0.04095,5.2200003,8.65695,10.10904859,0,3,,,,
09:37.1,139.4265,0.66000003,3.3990002,10.740001,11.28434419,0,3,,,,
09:37.3,139.5381,0.97395003,3.5329502,7.2199502,8.096789281,0,3,,,,
09:37.4,139.6559,1.7140501,2.3359501,9.4489508,9.883182779,0,3,,,,
09:37.5,139.7724,3.1939502,2.8150501,8.4960003,9.503044041,0,3,,,,
09:37.6,139.9035,2.4640501,0.86805004,10.40295,10.72596954,0,3,,,,
09:37.7,140.0168,1.82895,2.085,10.347,10.7122683,0,3,,,,
09:37.9,140.1449,1.3050001,2.01495,10.68,10.94648111,0,3,,,,
09:38.0,140.2574,1.0200001,2.4460502,8.5630503,8.96378225,0,3,,,,
09:38.1,140.3775,-0.081,2.7049501,9.3510008,9.734707597,0,3,,,,
09:38.2,140.4895,-1.40295,4.197,8.7310505,9.788478969,0,3,,,,
09:38.3,140.6102,0.26505002,3.7489502,11.250001,11.86117202,0,3,,,,
09:38.4,140.7212,-0.186,4.13205,7.7269502,8.764370633,0,3,,,,
09:38.6,140.8542,0.16995001,4.8720002,8.2350006,9.569770313,0,3,,,,
09:38.7,140.9651,0.55500001,4.7329502,7.9330502,9.25430322,0,3,,,,
09:38.8,141.0752,0.13395001,3.5170503,7.2840004,8.089761878,0,3,,,,
09:38.9,141.2137,2.6220002,4.0410004,12.000001,12.93076151,1,3,,,,
09:39.0,141.3259,2.5399501,2.8510501,8.5150499,9.331983068,0,3,,,,
09:39.2,141.4394,0.56505001,2.3500502,7.5280504,7.906551731,0,3,,,,
09:39.3,141.5496,1.06305,4.2060003,8.6280003,9.657272027,0,3,,,,
09:39.4,141.6611,-0.76800001,4.6540504,10.828951,11.81169712,0,3,,,,
09:39.5,141.773,1.6540501,4.5610504,15.466051,16.20918863,1,3,,,,
09:39.6,141.9066,1.9459502,3.5790002,11.05395,11.78073746,0,3,,,,
09:39.7,142.0249,-0.28005001,2.904,5.6749501,6.380964084,0,3,,,,
09:39.9,142.1416,1.6969501,4.0099502,8.2330503,9.313563093,0,3,,,,
09:40.0,142.2663,2.28705,4.6540504,7.6770005,9.264292715,0,3,,,,
09:40.1,142.3773,1.353,3.2749503,11.083051,11.63571777,0,3,,,,
09:40.2,142.4882,1.8910501,3.5620501,7.1359506,8.19671046,0,3,,,,
09:40.3,142.6005,0.072000004,4.3480501,7.6960502,8.839678295,0,3,,,,
09:40.4,142.7107,-0.50505,5.5740004,7.8090005,9.607551445,0,3,,,,
09:40.5,142.8288,-0.35895002,5.6479502,13.506001,14.64377853,1,3,,,,
09:40.7,142.9435,-0.92895007,3.6940501,8.4070501,9.229704533,0,3,,,,
09:40.8,143.0636,0.36600003,2.83395,8.6040001,9.066093224,0,3,,,,
09:40.9,143.1753,0.31800002,3.7990501,7.4350505,8.355470161,0,3,,,,
09:41.0,143.2848,0.98805004,3.6600001,8.3689508,9.187555774,0,3,,,,
09:41.1,143.3967,2.1450002,5.7130504,6.1729503,8.680166251,0,3,,,,
09:41.2,143.5087,1.3450501,3.7159503,9.4969501,10.28637485,0,3,,,,
09:41.3,143.6279,1.6950001,3.5190001,7.1790004,8.17278617,0,3,,,,
09:41.5,143.7614,1.2040501,4.0240502,8.9970007,9.929186183,0,3,,,,
09:41.6,143.888,0.156,5.66295,9.5929508,11.14082779,0,3,,,,
09:41.7,144.0006,2.02005,5.9260502,12.346951,13.84362207,1,3,,,,
09:41.8,144.1109,-0.72105002,3.2580001,8.4310503,9.067363837,0,3,,,,
09:41.9,144.2213,1.0530001,2.2740002,10.779,11.06646859,0,3,,,,
09:42.1,144.3729,3.0859501,3.4210501,7.6309505,8.913926034,0,3,,,,
09:42.2,144.4923,2.3629501,2.11095,8.8270502,9.378510453,0,3,,,,
09:42.3,144.605,0.39405003,2.4079502,12.27795,12.5180492,1,3,,,,
09:42.4,144.7166,2.2120502,2.01,9.5500507,10.00683439,0,3,,,,
09:42.5,144.8272,1.0000501,1.0860001,10.17,10.27659459,0,3,,,,
09:42.7,144.9642,1.9249501,2.7769501,9.8299503,10.39446043,0,3,,,,
09:42.8,145.1074,0.76800001,3.1909502,7.7970004,8.459621885,0,3,,,,
09:42.9,145.219,-2.7250502,3.8620503,9.5470505,10.65305141,0,3,,,,
09:43.1,145.3439,-1.1539501,4.3810501,10.965,11.86408133,0,3,,,,
09:43.2,145.4709,-1.0680001,4.1850004,8.2009506,9.268788664,0,3,,,,
09:43.3,145.5847,-1.7170501,4.4460001,7.5760503,8.95051485,0,3,,,,
09:43.4,145.7077,0.96900004,5.7559505,8.0239506,9.922384314,0,3,,,,
09:43.6,145.8384,0.192,4.46805,8.4649506,9.57369957,0,3,,,,
09:43.7,145.9483,1.863,5.7900004,7.2910504,9.494961273,0,3,,,,
09:43.8,146.0671,0.61005002,3.3589501,8.2450504,8.923876002,0,3,,,,
09:43.9,146.1779,1.863,4.08705,6.6829505,8.052116125,0,3,,,,
09:44.0,146.3137,0.14595,5.6410503,7.2720003,9.204604188,0,3,,,,
09:44.2,146.441,-1.8460501,6.4669504,11.557051,13.37141639,0,3,,,,
09:44.3,146.5534,-0.73305005,5.3560505,12.40005,13.52722733,1,3,,,,
09:44.4,146.6943,-0.29895002,3.9790502,9.8760004,10.65164755,0,3,,,,
09:44.5,146.8045,-0.26100001,3.2269502,6.0679502,6.877597562,0,3,,,,
09:44.6,146.9148,1.6710001,5.3110504,7.1359506,9.051037988,0,3,,,,
09:44.7,147.0332,0.96705008,4.9270501,8.8600502,10.18388423,0,3,,,,
09:44.9,147.145,-0.34200001,3.1500001,13.521001,13.88729393,1,3,,,,
09:45.0,147.2569,2.9089501,4.12995,6.6520505,8.352739284,0,3,,,,
09:45.1,147.3667,0.024,3.2509501,6.4990501,7.266835952,0,3,,,,
09:45.2,147.48,-0.23700002,5.3970003,8.1370506,9.767055529,0,3,,,,
09:45.3,147.5966,-2.8980002,5.4900002,10.86495,12.51341863,0,3,,,,
09:45.4,147.7189,-2.661,3.1050003,12.996,13.62416837,1,3,,,,
09:45.5,147.8302,1.1560501,5.2440004,10.198951,11.5262567,0,3,,,,
09:45.7,147.961,-0.32295001,3.9499502,5.1550503,6.502380094,0,3,,,,
09:45.8,148.072,0.44505003,4.1059504,7.6290002,8.675168141,0,3,,,,
09:45.9,148.1826,-0.41595003,5.1570001,7.8300004,9.384911865,0,3,,,,
09:46.0,148.2935,-1.7149501,4.1059504,12.699,13.45602035,1,3,,,,
09:46.1,148.4049,3.4630501,4.9230003,8.2519503,10.21387937,0,3,,,,
09:46.2,148.5149,-0.354,2.72895,6.0750003,6.669191311,0,3,,,,
09:46.3,148.6245,0.73200005,4.566,7.4730005,8.788055334,0,3,,,,
09:46.5,148.7347,-0.34695002,5.4570003,7.7629504,9.495400229,0,3,,,,
09:46.6,148.8568,2.2480502,5.5140004,12.723001,14.04751525,1,3,,,,
09:46.7,148.9832,0.96195006,3.2370002,9.0799503,9.687570163,0,3,,,,
09:46.8,149.1116,1.281,1.9699501,8.3140507,8.639739778,0,3,,,,
09:46.9,149.2297,3.5029502,3.5929501,7.9480505,9.399545589,0,3,,,,
09:47.1,149.3415,2.6749501,2.7600002,8.7139502,9.52396384,0,3,,,,
09:47.2,149.4725,3.9870002,2.9560502,14.79495,15.60528593,1,3,,,,
09:47.3,149.5929,2.3680501,2.6380501,9.4999504,10.13982383,0,3,,,,
09:47.4,149.7044,1.7839501,2.049,9.1360502,9.531437049,0,3,,,,
09:47.5,149.815,1.9249501,2.9400001,9.8329506,10.44202811,0,3,,,,
09:47.7,149.944,2.3989501,3.8070002,9.5710506,10.57606835,0,3,,,,
09:47.8,150.0621,-0.95100003,3.7920003,7.3129501,8.29234023,0,3,,,,
09:47.9,150.1795,-1.38195,2.322,10.597051,10.93613093,0,3,,,,
09:48.0,150.2905,1.5780001,5.6719503,7.3579502,9.423403614,0,3,,,,
09:48.1,150.4157,-1.4460001,5.4540005,9.0370502,10.65388727,0,3,,,,
09:48.2,150.5278,-0.26805001,5.6460004,8.8980007,10.54151734,0,3,,,,
09:48.4,150.6383,0.40200001,5.2630501,8.934,10.37678449,0,3,,,,
09:48.5,150.7485,2.7970502,5.4540005,8.3449507,10.3541206,0,3,,,,
09:48.6,150.8595,1.53495,3.00705,8.6970005,9.32932146,0,3,,,,
09:48.7,150.9743,1.9849501,3.4590001,6.8479505,7.924590503,0,3,,,,
09:48.8,151.0849,0.156,4.7550001,8.5030508,9.743522713,0,3,,,,
09:48.9,151.1967,-0.95100003,5.5140004,9.0589504,10.64768443,0,3,,,,
09:49.0,151.3067,0.55500001,6.1009502,9.95895,11.69231814,0,3,,,,
09:49.1,151.4217,0.39705002,3.1620002,9.0349503,9.58051256,0,3,,,,
09:49.3,151.5617,0.86895007,2.7690001,8.3280001,8.819184851,0,3,,,,
09:49.4,151.6722,1.7740501,4.3380003,8.1059999,9.363371975,0,3,,,,
09:49.5,151.783,2.5020001,4.5300002,7.8019505,9.362229324,0,3,,,,
09:49.6,151.8949,3.1729503,5.0160003,8.1019506,10.04337972,0,3,,,,
09:49.7,152.0059,1.3810501,3.7750502,8.6350508,9.524831007,0,3,,,,
09:49.8,152.1165,1.9560001,3.3180001,7.2270002,8.189297463,0,3,,,,
09:49.9,152.2293,-0.15495001,3.9910502,8.4720001,9.36628405,0,3,,,,
09:50.1,152.3548,-0.88605005,5.9760003,8.4000006,10.34686785,0,3,,,,
09:50.2,152.4739,0.22200002,5.66295,14.457001,15.52814106,1,3,,,,
09:50.3,152.5849,0.48105001,4.7530503,8.4240007,9.684352537,0,3,,,,
09:50.4,152.6941,0.65295005,2.5129502,7.4299502,7.870541433,0,3,,,,
09:50.5,152.8057,0.73695004,3.2170501,7.3080006,8.018689386,0,3,,,,
09:50.6,152.9171,0.91905004,3.7560003,8.8150501,9.625866169,0,3,,,,
09:50.8,153.0456,0.26505002,3.8329501,14.839951,15.32924994,1,3,,,,
09:50.9,153.1831,3.7669501,4.7290502,7.5480003,9.67089124,0,3,,,,
09:51.0,153.2956,-0.84300005,2.868,7.0879502,7.692536066,0,3,,,,
09:51.1,153.4086,0.22395001,5.1409502,8.4630003,9.904640157,0,3,,,,
09:51.2,153.5194,-0.71295005,5.4949503,10.917001,12.24269935,0,3,,,,
09:51.3,153.6308,-0.43800002,3.1980002,13.758,14.13158212,1,3,,,,
09:51.5,153.7411,1.182,4.09305,9.0570002,10.00896773,0,3,,,,
09:51.6,153.8514,0.55305004,3.0190501,6.4290004,7.124084081,0,3,,,,
09:51.7,153.9629,1.00995,3.9360001,8.21805,9.167793715,0,3,,,,
09:51.8,154.1017,-1.281,3.4140003,8.9820004,9.693951219,0,3,,,,
09:51.9,154.2219,-0.085950002,2.6470501,10.465051,10.79497819,0,3,,,,
09:52.1,154.3569,2.3779502,4.3450503,8.1460505,9.533742603,0,3,,,,
09:52.2,154.4683,0.37995002,3.2749503,9.7920008,10.33213149,0,3,,,,
09:52.3,154.5897,0.16800001,3.8329501,8.65905,9.470949127,0,3,,,,
09:52.4,154.73,-0.71100003,4.2829504,9.0610504,10.04747827,0,3,,,,
09:52.6,154.8429,-0.97695005,4.7650504,8.4510002,9.750873863,0,3,,,,
09:52.7,154.9644,0.75600004,3.3319502,10.872001,11.39622016,0,3,,,,
09:52.8,155.0759,-1.1880001,3.0900002,8.0359507,8.691141992,0,3,,,,
09:52.9,155.1859,-0.85005003,3.9430501,9.1380005,9.988657682,0,3,,,,
09:53.0,155.297,1.3789501,4.0050001,9.8370008,10.71018739,0,3,,,,
09:53.1,155.4085,0.87105006,3.1219501,9.9739504,10.48737275,0,3,,,,
09:53.2,155.534,2.289,3.28005,9.5089502,10.3159286,0,3,,,,
09:53.4,155.6561,1.43595,2.9749501,6.9580503,7.702385635,0,3,,,,
09:53.5,155.7669,1.05795,4.5030003,8.6640005,9.821464991,0,3,,,,
09:53.6,155.8782,0.34395,5.0590501,9.14505,10.45677909,0,3,,,,
09:53.7,155.9972,-0.48600003,4.8439503,9.7219505,10.87273526,0,3,,,,
09:53.8,156.1155,-1.2360001,2.4370501,8.4240007,8.856110728,0,3,,,,
09:54.0,156.2397,0.046050001,1.728,9.7009506,9.853758021,0,3,,,,
09:54.1,156.3572,0.42300001,2.7139502,9.6120005,9.996749887,0,3,,,,
09:54.2,156.4747,0.45705003,2.7409501,10.635,10.99203926,0,3,,,,
09:54.3,156.5949,0.57405001,3.9169502,9.4590006,10.25401017,0,3,,,,
09:54.4,156.7056,3.2569501,4.0440001,9.3250504,10.67324813,0,3,,,,
09:54.5,156.8323,0.35595003,3.7710001,6.6229501,7.629587814,0,3,,,,
09:54.7,156.977,-0.16005,5.01405,8.4630003,9.838124185,0,3,,,,
09:54.8,157.0889,-2.8549502,6.1110001,8.3020506,10.69668673,0,3,,,,
09:54.9,157.199,-3.4410002,4.70895,11.253,12.67456908,1,3,,,,
09:55.0,157.3209,-4.6840501,5.2050004,6.1110001,9.293905354,0,3,,,,
09:55.1,157.4322,-1.9230001,2.6329501,8.9850006,9.558273453,0,3,,,,
09:55.3,157.5422,-2.8110001,2.7930002,9.8560505,10.62281992,0,3,,,,
09:55.4,157.6498,-1.8409501,3.9670501,9.4780502,10.43839161,0,3,,,,
09:55.5,157.7637,-3.4150503,5.0160003,10.17,11.84279222,0,3,,,,
09:55.6,157.8938,2.69595,4.6900501,7.2870002,9.075521377,0,3,,,,
09:55.7,158.0191,-0.49800003,3.3199501,8.1490507,8.813461296,0,3,,,,
09:55.8,158.1313,-0.23400001,5.5639501,8.0290508,9.771282079,0,3,,,,
09:56.0,158.244,-2.0710502,5.9719501,9.7920008,11.65490097,0,3,,,,
09:56.1,158.3527,-1.9279501,5.6839504,8.7210007,10.58679068,0,3,,,,
09:56.2,158.4614,-2.11695,3.8500502,7.7080503,8.872339222,0,3,,,,
09:56.3,158.5697,0.39195001,2.868,8.8240499,9.286705845,0,3,,,,
09:56.4,158.7108,0.12,4.1110501,9.4470005,10.30344367,0,3,,,,
09:56.5,158.8269,0.63900006,4.6090503,9.1570501,10.27147664,0,3,,,,
09:56.7,158.954,-0.72495002,3.6940501,12.028951,12.60425408,1,3,,,,
09:56.8,159.0671,1.8550501,4.1350503,9.4300508,10.4625862,0,3,,,,
09:56.9,159.2249,1.3570501,3.0469501,7.1290503,7.870759053,0,3,,,,
09:57.1,159.3366,1.2930001,4.5420003,7.6429505,8.984225528,0,3,,,,
09:57.2,159.4604,0.20805001,5.0620503,10.078951,11.28064233,0,3,,,,
09:57.3,159.5719,-0.79695004,3.0780001,10.85295,11.30909977,0,3,,,,
09:57.4,159.6827,-0.23700002,2.6449502,7.4950504,7.951585444,0,3,,,,
09:57.5,159.7926,1.5300001,2.8960502,10.20405,10.71683925,0,3,,,,
09:57.6,159.9033,3.6850502,2.5159502,9.3220501,10.33490292,0,3,,,,
09:57.7,160.015,0.52605003,1.1740501,9.1999502,9.289467474,0,3,,,,
09:57.9,160.1488,0.30795002,2.0269501,11.60505,11.78475903,0,3,,,,
09:58.0,160.2593,-0.13605,2.9419501,10.318951,10.73099854,0,3,,,,
09:58.1,160.3694,1.2060001,2.5350001,9.58605,9.98864437,0,3,,,,
09:58.2,160.4809,0.25800002,3.2920501,7.9789505,8.635265425,0,3,,,,
09:58.3,160.5911,-0.59400004,4.0339503,8.1889505,9.147923336,0,3,,,,
09:58.4,160.7009,-0.72495002,2.9490001,15.601951,15.89474848,1,3,,,,
09:58.5,160.8111,-0.072000004,3.2560501,8.5180502,9.119442168,0,3,,,,
09:58.6,160.9218,0.11295,3.1840501,9.2340002,9.768198014,0,3,,,,
09:58.7,161.0327,-0.86700004,3.3870001,8.6059504,9.289017226,0,3,,,,
09:58.9,161.1443,-0.333,3.3919501,9.5140505,10.10610565,0,3,,,,
09:59.0,161.2698,0.65805006,4.2379503,10.042951,10.92035336,0,3,,,,
09:59.1,161.3879,-0.67995006,1.55805,12.261001,12.37828734,1,3,,,,
09:59.2,161.4983,1.8460501,2.3620501,7.3459501,7.934113972,0,3,,,,
09:59.3,161.6098,0.40200001,3.2749503,7.1550002,7.879145343,0,3,,,,
09:59.4,161.7205,-0.048,4.3770003,8.8189507,9.8455232,0,3,,,,
09:59.6,161.8538,-1.7959501,4.09305,10.29495,11.22339033,0,3,,,,
09:59.7,161.9637,-2.6080501,1.6969501,12.89805,13.26805407,1,3,,,,
09:59.8,162.0923,0.71505004,3.1740003,8.9869509,9.557764432,0,3,,,,
09:59.9,162.208,-2.5819502,3.1189501,6.4750504,7.636792144,0,3,,,,
10:00.1,162.3362,0.42300001,4.2210002,10.077001,10.93351366,0,3,,,,
10:00.2,162.4649,-1.0200001,4.1149502,9.0730505,10.01466229,0,3,,,,
10:00.3,162.5983,-1.8340501,2.2350001,10.908001,11.28465556,0,3,,,,
10:00.4,162.7163,0.23205002,2.8920002,6.7639503,7.359927719,0,3,,,,
10:00.5,162.8269,-1.0180501,3.4309502,8.2930508,9.032305179,0,3,,,,
10:00.7,162.9368,-3.3360002,4.7740502,7.9069505,9.820403192,0,3,,,,
10:00.8,163.0467,-3.8890502,5.5000501,12.196051,13.93265669,1,3,,,,
10:00.9,163.1593,-3.5509501,2.1400502,8.2729502,9.253689344,0,3,,,,
10:01.0,163.269,-0.92400002,2.9299502,11.049001,11.46816495,0,3,,,,
10:01.1,163.3799,-1.0210501,3.9289501,6.2809501,7.478604573,0,3,,,,
10:01.2,163.4912,-0.07395,4.09305,8.0119505,8.997214998,0,3,,,,
10:01.3,163.6176,0.70095003,4.6810503,7.9789505,9.27724172,0,3,,,,
10:01.5,163.7484,-0.009000001,4.0810504,10.27095,11.05203453,0,3,,,,
10:01.6,163.8597,-1.4610001,2.25705,6.6349502,7.159005528,0,3,,,,
10:01.7,163.9799,-2.24895,3.6820502,6.9630003,8.191376133,0,3,,,,
10:01.8,164.0901,-1.7050501,6.0270004,8.52705,10.58028881,0,3,,,,
10:01.9,164.2053,-1.76205,5.6820002,11.04405,12.54436076,1,3,,,,
10:02.0,164.3215,-0.46005002,3.2839501,7.3920002,8.10170607,0,3,,,,
10:02.2,164.4498,0.53805,2.0580001,10.936951,11.14189209,0,3,,,,
10:02.3,164.5745,0.22005001,4.0009503,8.3839502,9.292289614,0,3,,,,
10:02.4,164.7088,0.51195002,4.70505,8.9269505,10.10396128,0,3,,,,
10:02.5,164.819,-0.66300005,5.9329505,10.503,12.08107941,1,3,,,,
10:02.6,164.9318,-0.088050008,3.5550001,8.39505,9.117162005,0,3,,,,
10:02.8,165.0691,-0.45495003,3.8779502,8.0500507,8.946999137,0,3,,,,
10:02.9,165.1814,-0.58605003,2.8699501,9.1279507,9.586425413,0,3,,,,
10:03.0,165.2914,0.88095003,2.7070501,9.4489508,9.868478323,0,3,,,,
10:03.1,165.4031,0.61200005,1.7350501,11.04405,11.19624863,0,3,,,,
10:03.2,165.5158,0.55695003,2.4460502,10.054951,10.36317493,0,3,,,,
10:03.3,165.626,0.15105,3.45,11.06805,11.59426785,0,3,,,,
10:03.5,165.7367,-0.64395005,3.1909502,9.4159508,9.962778945,0,3,,,,
10:03.6,165.869,-0.87600005,2.4750001,8.52495,8.920077022,0,3,,,,
10:03.7,166.0022,0.63900006,4.4389501,9.4560003,10.46558841,0,3,,,,
10:03.8,166.1131,-0.85905004,2.7259502,11.800951,12.14212568,1,3,,,,
10:03.9,166.224,0.41400003,2.6830502,9.44205,9.824584602,0,3,,,,
10:04.1,166.3347,-0.177,2.5639501,7.3900504,7.824194146,0,3,,,,
10:04.2,166.4442,-0.037950002,4.6900501,8.4220505,9.639966015,0,3,,,,
10:04.3,166.5559,-2.2440002,5.1139503,9.8209505,11.29774727,0,3,,,,
10:04.4,166.672,-3.0340502,5.2050004,11.50395,12.98608314,1,3,,,,
10:04.5,166.8006,-2.3640001,3.5220001,8.2950001,9.31665218,0,3,,,,
10:04.6,166.9244,-0.77805007,2.5009501,6.3430505,6.86253619,0,3,,,,
10:04.8,167.0408,0.81600004,4.02105,8.6950502,9.614499319,0,3,,,,
10:04.9,167.1514,-0.049950004,3.3630002,9.5190001,10.09572327,0,3,,,,
10:05.0,167.2622,-0.54105002,3.5430002,12.43095,12.93731438,1,3,,,,
10:05.1,167.3744,0.45705003,2.9869502,8.3599501,8.889293105,0,3,,,,
10:05.2,167.4846,-0.73995006,2.2669501,7.9690504,8.318194102,0,3,,,,
10:05.3,167.596,-1.1730001,3.4860001,7.9330502,8.744221601,0,3,,,,
10:05.4,167.7285,-2.9980502,4.9870501,10.347,11.870947,0,3,,,,
10:05.6,167.84,-2.7370501,4.4170504,12.57495,13.60629064,1,3,,,,
10:05.7,167.9523,-2.3040001,3.5770502,5.5500002,6.993297278,0,3,,,,
10:05.8,168.07,-0.46695003,2.154,8.7829504,9.055273384,0,3,,,,
10:05.9,168.1809,0.50700003,3.9289501,9.1480503,9.968977992,0,3,,,,
10:06.0,168.2911,1.5420001,4.5300002,9.4350004,10.57912561,0,3,,,,
10:06.1,168.4024,0.052950002,4.9660501,8.4960003,9.841060837,0,3,,,,
10:06.2,168.5135,1.30005,3.7159503,9.8179502,10.57783356,0,3,,,,
10:06.3,168.6316,-0.49500003,2.7360001,7.4899502,7.989372665,0,3,,,,
10:06.5,168.7516,0.075000003,4.5229502,7.8970504,9.100885041,0,3,,,,
10:06.6,168.8672,-2.02005,5.4829502,7.7029505,9.668443065,0,3,,,,
10:06.7,168.9787,-2.5860002,5.2699504,9.8010006,11.42450817,0,3,,,,
10:06.8,169.0897,-1.7260501,2.9520001,9.0589504,9.682878492,0,3,,,,
10:06.9,169.2022,-0.105,4.3549504,11.289001,12.10033725,1,3,,,,
10:07.0,169.3121,-0.63705003,3.7510502,6.4890003,7.522189524,0,3,,,,
10:07.1,169.4227,0.072000004,3.5260501,8.1090002,8.842742649,0,3,,,,
10:07.2,169.5336,0.95505005,4.1080503,8.2519503,9.267301744,0,3,,,,
10:07.4,169.646,-1.5370501,2.5180502,12.072001,12.42724056,1,3,,,,
10:07.5,169.7787,1.7839501,2.9950502,7.9690504,8.698193372,0,3,,,,
10:07.6,169.888,0.66795003,3.177,8.4340506,9.037294715,0,3,,,,
10:07.7,169.9994,-0.333,4.22295,7.1479502,8.308874037,0,3,,,,
10:07.8,170.1099,-1.3960501,4.9350004,10.158001,11.37928685,0,3,,,,
10:07.9,170.2305,-0.63195002,2.9899502,10.519951,10.95484058,0,3,,,,
10:08.1,170.3414,0.18195,2.6520002,8.6760006,9.074094846,0,3,,,,
10:08.2,170.4525,0.36300001,2.7690001,8.7450008,9.18009638,0,3,,,,
10:08.3,170.5639,0.85395002,3.0930002,9.0570002,9.608596854,0,3,,,,
10:08.4,170.6792,2.8399501,3.1339502,10.357051,11.18729037,0,3,,,,
10:08.5,170.8077,-1.4100001,1.4809501,8.2590008,8.508372799,0,3,,,,
10:08.6,170.9316,-0.17895001,1.8139501,9.1930504,9.372012256,0,3,,,,
10:08.8,171.0438,-0.55305004,2.1589501,9.3060007,9.56914724,0,3,,,,
10:08.9,171.1549,-0.81900007,2.6740501,9.6600008,10.05668536,0,3,,,,
10:09.0,171.28,-2.3160002,3.8230503,7.8760505,9.056033458,0,3,,,,
10:09.1,171.4284,-2.6340001,3.6079502,10.28505,11.21327404,0,3,,,,
10:09.3,171.5406,-2.0880001,3.7920003,7.6309505,8.773278533,0,3,,,,
10:09.4,171.6547,-2.3680501,4.5229502,7.8880506,9.396067372,0,3,,,,
10:09.5,171.7644,-1.6380001,4.6999502,7.9980001,9.420221962,0,3,,,,
10:09.6,171.8768,-1.65495,3.8710501,8.0749502,9.106520143,0,3,,,,
10:09.7,171.9875,0.93600005,4.7670002,7.8060002,9.194238746,0,3,,,,
10:09.8,172.0974,0.21705002,2.8890002,11.122951,11.49406246,0,3,,,,
10:09.9,172.2136,1.9900501,3.8419502,8.7330008,9.746085558,0,3,,,,
10:10.1,172.3372,0.62895006,3.7420502,8.2900505,9.117206544,0,3,,,,
10:10.2,172.4502,0.14205001,5.0730004,8.4870005,9.888614097,0,3,,,,
10:10.3,172.5611,-1.3579501,5.0160003,10.498051,11.71381075,0,3,,,,
10:10.4,172.6753,-1.386,2.8699501,11.81595,12.23823043,1,3,,,,
10:10.5,172.787,0.36105001,3.9019501,9.7410002,10.49965031,0,3,,,,
10:10.6,172.9008,-0.86700004,3.3780003,6.2830501,7.186048543,0,3,,,,
10:10.7,173.012,-0.62700003,3.6100502,9.6430502,10.31571658,0,3,,,,
10:10.8,173.1233,-0.46695003,3.6079502,11.32905,11.89885376,0,3,,,,
10:11.0,173.2527,-1.6999501,2.8440001,13.480051,13.88128027,1,3,,,,
10:11.1,173.3692,1.0669501,2.8150501,8.7259502,9.230660674,0,3,,,,
10:11.2,173.4777,-0.31305,3.0570002,7.5859504,8.184735426,0,3,,,,
10:11.3,173.6069,-0.68700004,4.2040501,8.8459501,9.818189215,0,3,,,,
10:11.4,173.7155,-1.6620001,4.2780004,10.363951,11.33468183,0,3,,,,
10:11.5,173.8272,-0.90495002,1.5480001,12.11295,12.24494984,1,3,,,,
10:11.7,173.9681,-0.43800002,0.51000005,9.9310503,9.953778385,0,3,,,,
10:11.8,174.0943,-2.7079501,-1.1719501,7.6909504,8.237546894,0,3,,,,
10:11.9,174.2218,2.5050001,-1.62705,12.91995,13.26074754,1,3,,,,
10:12.1,174.346,0.14595,0.69795001,11.835001,11.85646171,0,3,,,,
10:12.2,174.492,-2.3400002,-0.52995002,9.5239506,9.821511238,0,3,,,,
10:12.3,174.6033,0.52095002,1.3249501,7.5520506,7.685073191,0,3,,,,
10:12.4,174.7254,1.386,3.9210002,8.2519503,9.240666768,0,3,,,,
10:12.6,174.8372,-0.31800002,5.0329504,8.3430004,9.748711167,0,3,,,,
10:12.7,174.9479,0.24405001,4.5850501,8.6610003,9.802814444,0,3,,,,
10:12.8,175.0569,0.56205004,2.45295,9.0919504,9.43379171,0,3,,,,
10:12.9,175.1674,1.1149501,3.1219501,10.09095,10.62153275,0,3,,,,
10:13.0,175.3117,2.8279502,4.2690001,7.7269502,9.269704611,0,3,,,,
10:13.2,175.4384,2.2480502,4.4560504,6.0360003,7.83220368,0,3,,,,
10:13.3,175.5481,3.17805,4.3530002,9.9570007,11.32212328,0,3,,,,
10:13.4,175.665,1.6180501,3.6010501,7.5690002,8.536709669,0,3,,,,
10:13.5,175.7787,2.0590501,3.5530503,9.3679504,10.22850666,0,3,,,,
10:13.6,175.8876,0.57405001,3.4540501,8.7190504,9.395841388,0,3,,,,
10:13.7,176.0296,0.70305002,2.6550002,9.8680506,10.24313077,0,3,,,,
10:13.9,176.1483,0.40905002,2.18295,10.371,10.60614132,0,3,,,,
10:14.0,176.2831,0.66300005,2.5900502,10.73295,11.06092875,0,3,,,,
10:14.1,176.3935,0.95295006,2.5369501,10.516951,10.86050128,0,3,,,,
10:14.2,176.5021,0.708,2.2279501,9.7969503,10.07200381,0,3,,,,
10:14.4,176.6375,1.3260001,3.5239501,9.7680006,10.46854031,0,3,,,,
10:14.5,176.7504,2.457,3.3439503,11.514001,12.23891628,1,3,,,,
10:14.6,176.8682,1.8910501,2.83395,8.9440508,9.570965876,0,3,,,,
10:14.7,176.9834,2.3850002,2.6760001,9.4249506,10.08359541,0,3,,,,
10:14.8,177.0901,2.2990501,3.0430501,7.7200503,8.610746884,0,3,,,,
10:14.9,177.1989,1.3759501,4.4749503,8.6640005,9.848011146,0,3,,,,
10:15.0,177.3218,0.25800002,4.8289504,10.110001,11.20702664,0,3,,,,
10:15.2,177.4586,-0.26805001,2.4820502,12.673051,12.91660349,1,3,,,,
10:15.3,177.5817,-0.094950005,3.2869501,8.55795,9.167964041,0,3,,,,
10:15.4,177.6988,0.93600005,3.6600001,6.4480505,7.473222336,0,3,,,,
10:15.5,177.8292,1.48395,4.8720002,7.9879503,9.473428289,0,3,,,,
10:15.7,177.9535,3.4630501,5.0569501,9.3439503,11.17474239,0,3,,,,
10:15.8,178.0681,2.11395,3.6150002,9.0490503,9.971074284,0,3,,,,
10:15.9,178.1977,2.1000001,2.7840002,8.5219507,9.20783912,0,3,,,,
10:16.0,178.3047,0.71295005,3.5569501,6.4840503,7.429878874,0,3,,,,
10:16.1,178.4114,1.7050501,4.5229502,9.9019508,11.01875238,0,3,,,,
10:16.3,178.5407,-0.012,4.5349503,10.660951,11.585413,0,3,,,,
10:16.4,178.6654,0.94800007,3.2389503,11.434951,11.92256715,0,3,,,,
10:16.5,178.7777,-0.00405,3.0330002,7.2049503,7.817315104,0,3,,,,
10:16.6,178.8941,0.74895006,2.1679502,7.5930004,7.931871742,0,3,,,,
10:16.7,179.0127,1.63995,4.197,8.9389505,10.01044859,0,3,,,,
10:16.8,179.1218,1.3759501,3.8230503,10.255951,11.03147693,0,3,,,,
10:17.0,179.2657,1.4670001,2.66205,13.08705,13.43538154,1,3,,,,
10:17.1,179.3875,3.8290501,4.0170002,5.9860501,8.162763691,0,3,,,,
10:17.2,179.5138,-0.10995001,2.4840002,7.3249502,7.735453537,0,3,,,,
10:17.3,179.624,1.1560501,4.6420503,8.7280502,9.953087115,0,3,,,,
10:17.4,179.7326,0.79200006,5.2200003,10.71405,11.94430972,0,3,,,,
10:17.6,179.8411,1.38405,5.9689503,10.896001,12.50067198,1,3,,,,
10:17.7,179.9514,-0.17205001,4.0800004,7.4110503,8.461658881,0,3,,,,
